,mem_usage_mib,timestamp,cmdline_file,cmdline_args
0,1.097656,1698185836.6486,./benchmarks/filtering.py,--pvp pd --dataset dataset_10000000rows_10ints_10floats.parquet
1,17.84375,1698185836.7576,./benchmarks/filtering.py,--pvp pd --dataset dataset_10000000rows_10ints_10floats.parquet
2,32.691406,1698185836.8625,./benchmarks/filtering.py,--pvp pd --dataset dataset_10000000rows_10ints_10floats.parquet
3,45.832031,1698185836.9793,./benchmarks/filtering.py,--pvp pd --dataset dataset_10000000rows_10ints_10floats.parquet
4,57.175781,1698185837.0849,./benchmarks/filtering.py,--pvp pd --dataset dataset_10000000rows_10ints_10floats.parquet
5,65.867188,1698185837.1968,./benchmarks/filtering.py,--pvp pd --dataset dataset_10000000rows_10ints_10floats.parquet
6,75.722656,1698185837.3063,./benchmarks/filtering.py,--pvp pd --dataset dataset_10000000rows_10ints_10floats.parquet
7,81.164062,1698185837.4111,./benchmarks/filtering.py,--pvp pd --dataset dataset_10000000rows_10ints_10floats.parquet
8,85.703125,1698185837.5289,./benchmarks/filtering.py,--pvp pd --dataset dataset_10000000rows_10ints_10floats.parquet
9,92.992188,1698185837.661,./benchmarks/filtering.py,--pvp pd --dataset dataset_10000000rows_10ints_10floats.parquet
10,101.40625,1698185837.7722,./benchmarks/filtering.py,--pvp pd --dataset dataset_10000000rows_10ints_10floats.parquet
11,401.96875,1698185837.9401,./benchmarks/filtering.py,--pvp pd --dataset dataset_10000000rows_10ints_10floats.parquet
12,541.023438,1698185838.0796,./benchmarks/filtering.py,--pvp pd --dataset dataset_10000000rows_10ints_10floats.parquet
13,677.542969,1698185838.2055,./benchmarks/filtering.py,--pvp pd --dataset dataset_10000000rows_10ints_10floats.parquet
14,939.441406,1698185838.3999,./benchmarks/filtering.py,--pvp pd --dataset dataset_10000000rows_10ints_10floats.parquet
15,1063.449219,1698185838.5264,./benchmarks/filtering.py,--pvp pd --dataset dataset_10000000rows_10ints_10floats.parquet
16,1346.847656,1698185838.7417,./benchmarks/filtering.py,--pvp pd --dataset dataset_10000000rows_10ints_10floats.parquet
17,1522.148438,1698185838.9059,./benchmarks/filtering.py,--pvp pd --dataset dataset_10000000rows_10ints_10floats.parquet
18,1784.183594,1698185839.1161,./benchmarks/filtering.py,--pvp pd --dataset dataset_10000000rows_10ints_10floats.parquet
19,1910.027344,1698185839.2554,./benchmarks/filtering.py,--pvp pd --dataset dataset_10000000rows_10ints_10floats.parquet
20,2099.425781,1698185839.4418,./benchmarks/filtering.py,--pvp pd --dataset dataset_10000000rows_10ints_10floats.parquet
21,2147.316406,1698185839.574,./benchmarks/filtering.py,--pvp pd --dataset dataset_10000000rows_10ints_10floats.parquet
22,2318.058594,1698185839.7812,./benchmarks/filtering.py,--pvp pd --dataset dataset_10000000rows_10ints_10floats.parquet
23,2397.703125,1698185839.888,./benchmarks/filtering.py,--pvp pd --dataset dataset_10000000rows_10ints_10floats.parquet
24,2461.066406,1698185840.0038,./benchmarks/filtering.py,--pvp pd --dataset dataset_10000000rows_10ints_10floats.parquet
25,2539.554688,1698185840.1082,./benchmarks/filtering.py,--pvp pd --dataset dataset_10000000rows_10ints_10floats.parquet
26,2570.089844,1698185840.2128,./benchmarks/filtering.py,--pvp pd --dataset dataset_10000000rows_10ints_10floats.parquet
27,2582.980469,1698185840.3378,./benchmarks/filtering.py,--pvp pd --dataset dataset_10000000rows_10ints_10floats.parquet
28,2422.289062,1698185840.4633,./benchmarks/filtering.py,--pvp pd --dataset dataset_10000000rows_10ints_10floats.parquet
29,2157.851562,1698185840.5734,./benchmarks/filtering.py,--pvp pd --dataset dataset_10000000rows_10ints_10floats.parquet
30,1912.070312,1698185840.7006,./benchmarks/filtering.py,--pvp pd --dataset dataset_10000000rows_10ints_10floats.parquet
31,1669.3125,1698185840.8264,./benchmarks/filtering.py,--pvp pd --dataset dataset_10000000rows_10ints_10floats.parquet
32,1774.347656,1698185840.9987,./benchmarks/filtering.py,--pvp pd --dataset dataset_10000000rows_10ints_10floats.parquet
33,1794.410156,1698185841.219,./benchmarks/filtering.py,--pvp pd --dataset dataset_10000000rows_10ints_10floats.parquet
34,1850.058594,1698185841.3431,./benchmarks/filtering.py,--pvp pd --dataset dataset_10000000rows_10ints_10floats.parquet
35,1937.964844,1698185841.5062,./benchmarks/filtering.py,--pvp pd --dataset dataset_10000000rows_10ints_10floats.parquet
36,2049.082031,1698185841.6583,./benchmarks/filtering.py,--pvp pd --dataset dataset_10000000rows_10ints_10floats.parquet
37,2131.269531,1698185841.8179,./benchmarks/filtering.py,--pvp pd --dataset dataset_10000000rows_10ints_10floats.parquet
38,2194.203125,1698185841.9418,./benchmarks/filtering.py,--pvp pd --dataset dataset_10000000rows_10ints_10floats.parquet
39,1476.074219,1698185842.324,./benchmarks/filtering.py,--pvp pd --dataset dataset_10000000rows_10ints_10floats.parquet
40,1033.054688,1698185842.451,./benchmarks/filtering.py,--pvp pd --dataset dataset_10000000rows_10ints_10floats.parquet
41,631.347656,1698185842.5942,./benchmarks/filtering.py,--pvp pd --dataset dataset_10000000rows_10ints_10floats.parquet
42,532.757812,1698185842.7193,./benchmarks/filtering.py,--pvp pd --dataset dataset_10000000rows_10ints_10floats.parquet
43,124.738281,1698185843.077,./benchmarks/filtering.py,--pvp pd --dataset dataset_10000000rows_10ints_10floats.parquet
44,8.394531,1698185843.2722,./benchmarks/filtering.py,--pvp pd --dataset dataset_10000000rows_10ints_10floats.parquet
45,28.449219,1698185843.4973,./benchmarks/filtering.py,--pvp pd --dataset dataset_10000000rows_10ints_10floats.parquet
46,5.160156,1698185843.9745,./benchmarks/filtering.py,--pvp pd --dataset dataset_10000000rows_10ints_10floats.parquet
47,9.414062,1698185844.1482,./benchmarks/filtering.py,--pvp pd --dataset dataset_10000000rows_10ints_10floats.parquet
48,4.441406,1698185844.2737,./benchmarks/filtering.py,--pvp pd --dataset dataset_10000000rows_10ints_10floats.parquet
49,86.367188,1698185844.3746,./benchmarks/filtering.py,--pvp pd --dataset dataset_10000000rows_10ints_10floats.parquet
50,469.109375,1698185844.5036,./benchmarks/filtering.py,--pvp pd --dataset dataset_10000000rows_10ints_10floats.parquet
51,884.988281,1698185844.6137,./benchmarks/filtering.py,--pvp pd --dataset dataset_10000000rows_10ints_10floats.parquet
52,1020.554688,1698185844.7715,./benchmarks/filtering.py,--pvp pd --dataset dataset_10000000rows_10ints_10floats.parquet
53,805.492188,1698185844.9139,./benchmarks/filtering.py,--pvp pd --dataset dataset_10000000rows_10ints_10floats.parquet
54,650.550781,1698185845.0287,./benchmarks/filtering.py,--pvp pd --dataset dataset_10000000rows_10ints_10floats.parquet
55,99.226562,1698185845.3294,./benchmarks/filtering.py,--pvp pd --dataset dataset_10000000rows_10ints_10floats.parquet
56,17.609375,1698185845.5724,./benchmarks/filtering.py,--pvp pd --dataset dataset_10000000rows_10ints_10floats.parquet
57,2.800781,1698185846.1653,./benchmarks/filtering.py,--pvp pd --dataset dataset_10000000rows_10ints_10floats.parquet
58,2.402344,1698185846.502,./benchmarks/filtering.py,--pvp pd --dataset dataset_10000000rows_10ints_10floats.parquet
59,25.636719,1698185846.6351,./benchmarks/filtering.py,--pvp pd --dataset dataset_10000000rows_10ints_10floats.parquet
60,80.722656,1698185846.756,./benchmarks/filtering.py,--pvp pd --dataset dataset_10000000rows_10ints_10floats.parquet
61,37.195312,1698185846.8656,./benchmarks/filtering.py,--pvp pd --dataset dataset_10000000rows_10ints_10floats.parquet
62,43.140625,1698185847.0226,./benchmarks/filtering.py,--pvp pd --dataset dataset_10000000rows_10ints_10floats.parquet
63,77.320312,1698185847.1668,./benchmarks/filtering.py,--pvp pd --dataset dataset_10000000rows_10ints_10floats.parquet
64,85.980469,1698185847.2765,./benchmarks/filtering.py,--pvp pd --dataset dataset_10000000rows_10ints_10floats.parquet
65,18.15625,1698185847.3871,./benchmarks/filtering.py,--pvp pd --dataset dataset_10000000rows_10ints_10floats.parquet
66,36.566406,1698185847.4969,./benchmarks/filtering.py,--pvp pd --dataset dataset_10000000rows_10ints_10floats.parquet
67,98.632812,1698185847.6172,./benchmarks/filtering.py,--pvp pd --dataset dataset_10000000rows_10ints_10floats.parquet
68,127.816406,1698185847.7236,./benchmarks/filtering.py,--pvp pd --dataset dataset_10000000rows_10ints_10floats.parquet
69,105.65625,1698185847.8643,./benchmarks/filtering.py,--pvp pd --dataset dataset_10000000rows_10ints_10floats.parquet
70,34.023438,1698185848.0991,./benchmarks/filtering.py,--pvp pd --dataset dataset_10000000rows_10ints_10floats.parquet
71,18.46875,1698185848.2426,./benchmarks/filtering.py,--pvp pd --dataset dataset_10000000rows_10ints_10floats.parquet
72,120.394531,1698185848.3614,./benchmarks/filtering.py,--pvp pd --dataset dataset_10000000rows_10ints_10floats.parquet
73,173.039062,1698185848.4712,./benchmarks/filtering.py,--pvp pd --dataset dataset_10000000rows_10ints_10floats.parquet
74,269.640625,1698185848.5866,./benchmarks/filtering.py,--pvp pd --dataset dataset_10000000rows_10ints_10floats.parquet
75,299.121094,1698185848.6923,./benchmarks/filtering.py,--pvp pd --dataset dataset_10000000rows_10ints_10floats.parquet
76,241.898438,1698185848.8021,./benchmarks/filtering.py,--pvp pd --dataset dataset_10000000rows_10ints_10floats.parquet
77,295.101562,1698185848.9119,./benchmarks/filtering.py,--pvp pd --dataset dataset_10000000rows_10ints_10floats.parquet
78,325.292969,1698185849.022,./benchmarks/filtering.py,--pvp pd --dataset dataset_10000000rows_10ints_10floats.parquet
79,351.867188,1698185849.1318,./benchmarks/filtering.py,--pvp pd --dataset dataset_10000000rows_10ints_10floats.parquet
80,384.546875,1698185849.2531,./benchmarks/filtering.py,--pvp pd --dataset dataset_10000000rows_10ints_10floats.parquet
81,413.015625,1698185849.3628,./benchmarks/filtering.py,--pvp pd --dataset dataset_10000000rows_10ints_10floats.parquet
82,442.175781,1698185849.4726,./benchmarks/filtering.py,--pvp pd --dataset dataset_10000000rows_10ints_10floats.parquet
83,467.703125,1698185849.5824,./benchmarks/filtering.py,--pvp pd --dataset dataset_10000000rows_10ints_10floats.parquet
84,499.40625,1698185849.6922,./benchmarks/filtering.py,--pvp pd --dataset dataset_10000000rows_10ints_10floats.parquet
85,585.648438,1698185849.8024,./benchmarks/filtering.py,--pvp pd --dataset dataset_10000000rows_10ints_10floats.parquet
86,421.371094,1698185850.039,./benchmarks/filtering.py,--pvp pd --dataset dataset_10000000rows_10ints_10floats.parquet
87,431.5,1698185850.2461,./benchmarks/filtering.py,--pvp pd --dataset dataset_10000000rows_10ints_10floats.parquet
88,456.570312,1698185850.422,./benchmarks/filtering.py,--pvp pd --dataset dataset_10000000rows_10ints_10floats.parquet
89,472.632812,1698185850.5943,./benchmarks/filtering.py,--pvp pd --dataset dataset_10000000rows_10ints_10floats.parquet
90,475.097656,1698185850.7227,./benchmarks/filtering.py,--pvp pd --dataset dataset_10000000rows_10ints_10floats.parquet
91,515.476562,1698185850.8801,./benchmarks/filtering.py,--pvp pd --dataset dataset_10000000rows_10ints_10floats.parquet
92,370.367188,1698185851.1024,./benchmarks/filtering.py,--pvp pd --dataset dataset_10000000rows_10ints_10floats.parquet
93,188.199219,1698185851.3288,./benchmarks/filtering.py,--pvp pd --dataset dataset_10000000rows_10ints_10floats.parquet
94,0.601562,1698185851.7352,./benchmarks/filtering.py,--pvp pd --dataset dataset_10000000rows_10ints_10floats.parquet
95,0.0,1698185851.8645,./benchmarks/filtering.py,--pvp pd --dataset dataset_10000000rows_10ints_10floats.parquet
96,8.160156,1698185852.1077,./benchmarks/filtering.py,--pvp pd --dataset dataset_10000000rows_10ints_10floats.parquet
97,4.972656,1698185852.4262,./benchmarks/filtering.py,--pvp pd --dataset dataset_10000000rows_10ints_10floats.parquet
98,10.417969,1698185852.5938,./benchmarks/filtering.py,--pvp pd --dataset dataset_10000000rows_10ints_10floats.parquet
99,1.238281,1698185852.8557,./benchmarks/filtering.py,--pvp pd --dataset dataset_10000000rows_10ints_10floats.parquet
100,8.304688,1698185853.1391,./benchmarks/filtering.py,--pvp pd --dataset dataset_10000000rows_10ints_10floats.parquet
101,6.382812,1698185853.3252,./benchmarks/filtering.py,--pvp pd --dataset dataset_10000000rows_10ints_10floats.parquet
102,8.234375,1698185853.6993,./benchmarks/filtering.py,--pvp pd --dataset dataset_10000000rows_10ints_10floats.parquet
103,9.640625,1698185853.972,./benchmarks/filtering.py,--pvp pd --dataset dataset_10000000rows_10ints_10floats.parquet
104,9.917969,1698185854.1932,./benchmarks/filtering.py,--pvp pd --dataset dataset_10000000rows_10ints_10floats.parquet
105,4.699219,1698185854.419,./benchmarks/filtering.py,--pvp pd --dataset dataset_10000000rows_10ints_10floats.parquet
106,4.769531,1698185854.7795,./benchmarks/filtering.py,--pvp pd --dataset dataset_10000000rows_10ints_10floats.parquet
107,16.960938,1698185855.0623,./benchmarks/filtering.py,--pvp pd --dataset dataset_10000000rows_10ints_10floats.parquet
108,7.152344,1698185855.2899,./benchmarks/filtering.py,--pvp pd --dataset dataset_10000000rows_10ints_10floats.parquet
109,5.761719,1698185855.5241,./benchmarks/filtering.py,--pvp pd --dataset dataset_10000000rows_10ints_10floats.parquet
110,10.371094,1698185855.679,./benchmarks/filtering.py,--pvp pd --dataset dataset_10000000rows_10ints_10floats.parquet
111,8.738281,1698185855.9626,./benchmarks/filtering.py,--pvp pd --dataset dataset_10000000rows_10ints_10floats.parquet
112,6.832031,1698185856.304,./benchmarks/filtering.py,--pvp pd --dataset dataset_10000000rows_10ints_10floats.parquet
113,5.097656,1698185856.6494,./benchmarks/filtering.py,--pvp pd --dataset dataset_10000000rows_10ints_10floats.parquet
114,22.203125,1698185856.8176,./benchmarks/filtering.py,--pvp pd --dataset dataset_10000000rows_10ints_10floats.parquet
115,9.78125,1698185857.1006,./benchmarks/filtering.py,--pvp pd --dataset dataset_10000000rows_10ints_10floats.parquet
116,19.449219,1698185857.2914,./benchmarks/filtering.py,--pvp pd --dataset dataset_10000000rows_10ints_10floats.parquet
117,3.570312,1698185857.4449,./benchmarks/filtering.py,--pvp pd --dataset dataset_10000000rows_10ints_10floats.parquet
118,3.425781,1698185857.5664,./benchmarks/filtering.py,--pvp pd --dataset dataset_10000000rows_10ints_10floats.parquet
119,11.097656,1698185857.9169,./benchmarks/filtering.py,--pvp pd --dataset dataset_10000000rows_10ints_10floats.parquet
120,27.371094,1698185858.0506,./benchmarks/filtering.py,--pvp pd --dataset dataset_10000000rows_10ints_10floats.parquet
121,3.902344,1698185858.3262,./benchmarks/filtering.py,--pvp pd --dataset dataset_10000000rows_10ints_10floats.parquet
122,28.964844,1698185858.4781,./benchmarks/filtering.py,--pvp pd --dataset dataset_10000000rows_10ints_10floats.parquet
123,24.300781,1698185858.6376,./benchmarks/filtering.py,--pvp pd --dataset dataset_10000000rows_10ints_10floats.parquet
124,198.4375,1698185858.7651,./benchmarks/filtering.py,--pvp pd --dataset dataset_10000000rows_10ints_10floats.parquet
125,405.875,1698185858.8726,./benchmarks/filtering.py,--pvp pd --dataset dataset_10000000rows_10ints_10floats.parquet
126,482.300781,1698185858.9833,./benchmarks/filtering.py,--pvp pd --dataset dataset_10000000rows_10ints_10floats.parquet
127,393.125,1698185859.0977,./benchmarks/filtering.py,--pvp pd --dataset dataset_10000000rows_10ints_10floats.parquet
128,481.777344,1698185859.2131,./benchmarks/filtering.py,--pvp pd --dataset dataset_10000000rows_10ints_10floats.parquet
129,481.9375,1698185859.32,./benchmarks/filtering.py,--pvp pd --dataset dataset_10000000rows_10ints_10floats.parquet
130,575.921875,1698185859.4301,./benchmarks/filtering.py,--pvp pd --dataset dataset_10000000rows_10ints_10floats.parquet
131,860.152344,1698185859.5409,./benchmarks/filtering.py,--pvp pd --dataset dataset_10000000rows_10ints_10floats.parquet
132,989.449219,1698185859.6538,./benchmarks/filtering.py,--pvp pd --dataset dataset_10000000rows_10ints_10floats.parquet
133,944.238281,1698185859.7689,./benchmarks/filtering.py,--pvp pd --dataset dataset_10000000rows_10ints_10floats.parquet
134,991.882812,1698185859.8777,./benchmarks/filtering.py,--pvp pd --dataset dataset_10000000rows_10ints_10floats.parquet
135,1027.597656,1698185859.9857,./benchmarks/filtering.py,--pvp pd --dataset dataset_10000000rows_10ints_10floats.parquet
136,1060.058594,1698185860.096,./benchmarks/filtering.py,--pvp pd --dataset dataset_10000000rows_10ints_10floats.parquet
137,1088.15625,1698185860.2063,./benchmarks/filtering.py,--pvp pd --dataset dataset_10000000rows_10ints_10floats.parquet
138,1112.957031,1698185860.319,./benchmarks/filtering.py,--pvp pd --dataset dataset_10000000rows_10ints_10floats.parquet
139,1165.28125,1698185860.4308,./benchmarks/filtering.py,--pvp pd --dataset dataset_10000000rows_10ints_10floats.parquet
140,1191.125,1698185860.5425,./benchmarks/filtering.py,--pvp pd --dataset dataset_10000000rows_10ints_10floats.parquet
141,1215.574219,1698185860.6524,./benchmarks/filtering.py,--pvp pd --dataset dataset_10000000rows_10ints_10floats.parquet
142,1238.160156,1698185860.7628,./benchmarks/filtering.py,--pvp pd --dataset dataset_10000000rows_10ints_10floats.parquet
143,1262.125,1698185860.881,./benchmarks/filtering.py,--pvp pd --dataset dataset_10000000rows_10ints_10floats.parquet
144,1282.152344,1698185860.9813,./benchmarks/filtering.py,--pvp pd --dataset dataset_10000000rows_10ints_10floats.parquet
145,1301.339844,1698185861.091,./benchmarks/filtering.py,--pvp pd --dataset dataset_10000000rows_10ints_10floats.parquet
146,1322.082031,1698185861.2017,./benchmarks/filtering.py,--pvp pd --dataset dataset_10000000rows_10ints_10floats.parquet
147,1348.136719,1698185861.3123,./benchmarks/filtering.py,--pvp pd --dataset dataset_10000000rows_10ints_10floats.parquet
148,1371.988281,1698185861.427,./benchmarks/filtering.py,--pvp pd --dataset dataset_10000000rows_10ints_10floats.parquet
149,1399.449219,1698185861.5408,./benchmarks/filtering.py,--pvp pd --dataset dataset_10000000rows_10ints_10floats.parquet
150,1421.375,1698185861.6523,./benchmarks/filtering.py,--pvp pd --dataset dataset_10000000rows_10ints_10floats.parquet
151,1436.066406,1698185861.7581,./benchmarks/filtering.py,--pvp pd --dataset dataset_10000000rows_10ints_10floats.parquet
152,1463.441406,1698185861.8683,./benchmarks/filtering.py,--pvp pd --dataset dataset_10000000rows_10ints_10floats.parquet
153,1486.375,1698185861.9824,./benchmarks/filtering.py,--pvp pd --dataset dataset_10000000rows_10ints_10floats.parquet
154,1507.621094,1698185862.0924,./benchmarks/filtering.py,--pvp pd --dataset dataset_10000000rows_10ints_10floats.parquet
155,1532.328125,1698185862.2029,./benchmarks/filtering.py,--pvp pd --dataset dataset_10000000rows_10ints_10floats.parquet
156,1555.796875,1698185862.3201,./benchmarks/filtering.py,--pvp pd --dataset dataset_10000000rows_10ints_10floats.parquet
157,1578.515625,1698185862.4229,./benchmarks/filtering.py,--pvp pd --dataset dataset_10000000rows_10ints_10floats.parquet
158,1599.496094,1698185862.5239,./benchmarks/filtering.py,--pvp pd --dataset dataset_10000000rows_10ints_10floats.parquet
159,1581.296875,1698185862.6339,./benchmarks/filtering.py,--pvp pd --dataset dataset_10000000rows_10ints_10floats.parquet
160,833.09375,1698185862.7485,./benchmarks/filtering.py,--pvp pd --dataset dataset_10000000rows_10ints_10floats.parquet
161,561.144531,1698185862.8565,./benchmarks/filtering.py,--pvp pd --dataset dataset_10000000rows_10ints_10floats.parquet
162,660.953125,1698185862.9695,./benchmarks/filtering.py,--pvp pd --dataset dataset_10000000rows_10ints_10floats.parquet
163,701.371094,1698185863.0816,./benchmarks/filtering.py,--pvp pd --dataset dataset_10000000rows_10ints_10floats.parquet
164,842.015625,1698185863.1913,./benchmarks/filtering.py,--pvp pd --dataset dataset_10000000rows_10ints_10floats.parquet
165,936.46875,1698185863.3014,./benchmarks/filtering.py,--pvp pd --dataset dataset_10000000rows_10ints_10floats.parquet
166,990.996094,1698185863.411,./benchmarks/filtering.py,--pvp pd --dataset dataset_10000000rows_10ints_10floats.parquet
167,1038.304688,1698185863.5309,./benchmarks/filtering.py,--pvp pd --dataset dataset_10000000rows_10ints_10floats.parquet
168,1081.394531,1698185863.6437,./benchmarks/filtering.py,--pvp pd --dataset dataset_10000000rows_10ints_10floats.parquet
169,1127.878906,1698185863.7573,./benchmarks/filtering.py,--pvp pd --dataset dataset_10000000rows_10ints_10floats.parquet
170,1167.449219,1698185863.8586,./benchmarks/filtering.py,--pvp pd --dataset dataset_10000000rows_10ints_10floats.parquet
171,1210.863281,1698185863.9686,./benchmarks/filtering.py,--pvp pd --dataset dataset_10000000rows_10ints_10floats.parquet
172,1252.742188,1698185864.0832,./benchmarks/filtering.py,--pvp pd --dataset dataset_10000000rows_10ints_10floats.parquet
173,1327.09375,1698185864.1933,./benchmarks/filtering.py,--pvp pd --dataset dataset_10000000rows_10ints_10floats.parquet
174,1775.71875,1698185864.3032,./benchmarks/filtering.py,--pvp pd --dataset dataset_10000000rows_10ints_10floats.parquet
175,2200.71875,1698185864.4132,./benchmarks/filtering.py,--pvp pd --dataset dataset_10000000rows_10ints_10floats.parquet
176,2316.78125,1698185864.5233,./benchmarks/filtering.py,--pvp pd --dataset dataset_10000000rows_10ints_10floats.parquet
177,2069.019531,1698185864.6242,./benchmarks/filtering.py,--pvp pd --dataset dataset_10000000rows_10ints_10floats.parquet
178,2111.28125,1698185864.7342,./benchmarks/filtering.py,--pvp pd --dataset dataset_10000000rows_10ints_10floats.parquet
179,2141.847656,1698185864.8463,./benchmarks/filtering.py,--pvp pd --dataset dataset_10000000rows_10ints_10floats.parquet
180,2167.007812,1698185864.9543,./benchmarks/filtering.py,--pvp pd --dataset dataset_10000000rows_10ints_10floats.parquet
181,2193.164062,1698185865.064,./benchmarks/filtering.py,--pvp pd --dataset dataset_10000000rows_10ints_10floats.parquet
182,2206.414062,1698185865.1677,./benchmarks/filtering.py,--pvp pd --dataset dataset_10000000rows_10ints_10floats.parquet
183,2163.386719,1698185865.2776,./benchmarks/filtering.py,--pvp pd --dataset dataset_10000000rows_10ints_10floats.parquet
184,2195.96875,1698185865.3875,./benchmarks/filtering.py,--pvp pd --dataset dataset_10000000rows_10ints_10floats.parquet
185,2218.496094,1698185865.4975,./benchmarks/filtering.py,--pvp pd --dataset dataset_10000000rows_10ints_10floats.parquet
186,2240.742188,1698185865.6078,./benchmarks/filtering.py,--pvp pd --dataset dataset_10000000rows_10ints_10floats.parquet
187,2264.699219,1698185865.7237,./benchmarks/filtering.py,--pvp pd --dataset dataset_10000000rows_10ints_10floats.parquet
188,2284.253906,1698185865.8335,./benchmarks/filtering.py,--pvp pd --dataset dataset_10000000rows_10ints_10floats.parquet
189,2299.117188,1698185865.9488,./benchmarks/filtering.py,--pvp pd --dataset dataset_10000000rows_10ints_10floats.parquet
190,2320.261719,1698185866.0538,./benchmarks/filtering.py,--pvp pd --dataset dataset_10000000rows_10ints_10floats.parquet
191,2350.304688,1698185866.1697,./benchmarks/filtering.py,--pvp pd --dataset dataset_10000000rows_10ints_10floats.parquet
192,2389.316406,1698185866.2798,./benchmarks/filtering.py,--pvp pd --dataset dataset_10000000rows_10ints_10floats.parquet
193,2418.605469,1698185866.3898,./benchmarks/filtering.py,--pvp pd --dataset dataset_10000000rows_10ints_10floats.parquet
194,2453.269531,1698185866.5,./benchmarks/filtering.py,--pvp pd --dataset dataset_10000000rows_10ints_10floats.parquet
195,2487.796875,1698185866.6099,./benchmarks/filtering.py,--pvp pd --dataset dataset_10000000rows_10ints_10floats.parquet
196,2518.714844,1698185866.7102,./benchmarks/filtering.py,--pvp pd --dataset dataset_10000000rows_10ints_10floats.parquet
197,2548.351562,1698185866.8258,./benchmarks/filtering.py,--pvp pd --dataset dataset_10000000rows_10ints_10floats.parquet
198,2574.179688,1698185866.9312,./benchmarks/filtering.py,--pvp pd --dataset dataset_10000000rows_10ints_10floats.parquet
199,2607.277344,1698185867.041,./benchmarks/filtering.py,--pvp pd --dataset dataset_10000000rows_10ints_10floats.parquet
200,2642.921875,1698185867.1521,./benchmarks/filtering.py,--pvp pd --dataset dataset_10000000rows_10ints_10floats.parquet
201,2046.589844,1698185867.2594,./benchmarks/filtering.py,--pvp pd --dataset dataset_10000000rows_10ints_10floats.parquet
202,1599.449219,1698185867.3692,./benchmarks/filtering.py,--pvp pd --dataset dataset_10000000rows_10ints_10floats.parquet
203,1692.378906,1698185867.4793,./benchmarks/filtering.py,--pvp pd --dataset dataset_10000000rows_10ints_10floats.parquet
204,1728.835938,1698185867.5893,./benchmarks/filtering.py,--pvp pd --dataset dataset_10000000rows_10ints_10floats.parquet
205,1991.183594,1698185867.7059,./benchmarks/filtering.py,--pvp pd --dataset dataset_10000000rows_10ints_10floats.parquet
206,1949.699219,1698185867.8093,./benchmarks/filtering.py,--pvp pd --dataset dataset_10000000rows_10ints_10floats.parquet
207,1983.496094,1698185867.9197,./benchmarks/filtering.py,--pvp pd --dataset dataset_10000000rows_10ints_10floats.parquet
208,2020.648438,1698185868.0304,./benchmarks/filtering.py,--pvp pd --dataset dataset_10000000rows_10ints_10floats.parquet
209,2051.484375,1698185868.1422,./benchmarks/filtering.py,--pvp pd --dataset dataset_10000000rows_10ints_10floats.parquet
210,2081.589844,1698185868.2525,./benchmarks/filtering.py,--pvp pd --dataset dataset_10000000rows_10ints_10floats.parquet
211,2108.644531,1698185868.3563,./benchmarks/filtering.py,--pvp pd --dataset dataset_10000000rows_10ints_10floats.parquet
212,2135.625,1698185868.4664,./benchmarks/filtering.py,--pvp pd --dataset dataset_10000000rows_10ints_10floats.parquet
213,2163.601562,1698185868.5762,./benchmarks/filtering.py,--pvp pd --dataset dataset_10000000rows_10ints_10floats.parquet
214,2195.304688,1698185868.686,./benchmarks/filtering.py,--pvp pd --dataset dataset_10000000rows_10ints_10floats.parquet
215,2462.378906,1698185868.7958,./benchmarks/filtering.py,--pvp pd --dataset dataset_10000000rows_10ints_10floats.parquet
216,2859.128906,1698185868.8986,./benchmarks/filtering.py,--pvp pd --dataset dataset_10000000rows_10ints_10floats.parquet
217,2921.046875,1698185869.0084,./benchmarks/filtering.py,--pvp pd --dataset dataset_10000000rows_10ints_10floats.parquet
218,2686.203125,1698185869.1183,./benchmarks/filtering.py,--pvp pd --dataset dataset_10000000rows_10ints_10floats.parquet
219,2433.761719,1698185869.2287,./benchmarks/filtering.py,--pvp pd --dataset dataset_10000000rows_10ints_10floats.parquet
220,2465.992188,1698185869.346,./benchmarks/filtering.py,--pvp pd --dataset dataset_10000000rows_10ints_10floats.parquet
221,2497.941406,1698185869.4482,./benchmarks/filtering.py,--pvp pd --dataset dataset_10000000rows_10ints_10floats.parquet
222,2493.84375,1698185869.5575,./benchmarks/filtering.py,--pvp pd --dataset dataset_10000000rows_10ints_10floats.parquet
223,2362.804688,1698185869.6693,./benchmarks/filtering.py,--pvp pd --dataset dataset_10000000rows_10ints_10floats.parquet
224,2323.503906,1698185869.779,./benchmarks/filtering.py,--pvp pd --dataset dataset_10000000rows_10ints_10floats.parquet
225,2265.523438,1698185869.8932,./benchmarks/filtering.py,--pvp pd --dataset dataset_10000000rows_10ints_10floats.parquet
226,2145.0625,1698185870.0031,./benchmarks/filtering.py,--pvp pd --dataset dataset_10000000rows_10ints_10floats.parquet
227,2144.523438,1698185870.1134,./benchmarks/filtering.py,--pvp pd --dataset dataset_10000000rows_10ints_10floats.parquet
228,2141.570312,1698185870.2318,./benchmarks/filtering.py,--pvp pd --dataset dataset_10000000rows_10ints_10floats.parquet
229,2129.816406,1698185870.3355,./benchmarks/filtering.py,--pvp pd --dataset dataset_10000000rows_10ints_10floats.parquet
230,2147.3125,1698185870.4413,./benchmarks/filtering.py,--pvp pd --dataset dataset_10000000rows_10ints_10floats.parquet
231,2164.875,1698185870.5572,./benchmarks/filtering.py,--pvp pd --dataset dataset_10000000rows_10ints_10floats.parquet
232,2181.519531,1698185870.661,./benchmarks/filtering.py,--pvp pd --dataset dataset_10000000rows_10ints_10floats.parquet
233,2206.109375,1698185870.7708,./benchmarks/filtering.py,--pvp pd --dataset dataset_10000000rows_10ints_10floats.parquet
234,2204.289062,1698185870.8808,./benchmarks/filtering.py,--pvp pd --dataset dataset_10000000rows_10ints_10floats.parquet
235,2216.582031,1698185870.9843,./benchmarks/filtering.py,--pvp pd --dataset dataset_10000000rows_10ints_10floats.parquet
236,2238.078125,1698185871.0944,./benchmarks/filtering.py,--pvp pd --dataset dataset_10000000rows_10ints_10floats.parquet
237,2263.65625,1698185871.2131,./benchmarks/filtering.py,--pvp pd --dataset dataset_10000000rows_10ints_10floats.parquet
238,2290.332031,1698185871.3142,./benchmarks/filtering.py,--pvp pd --dataset dataset_10000000rows_10ints_10floats.parquet
239,2318.378906,1698185871.4245,./benchmarks/filtering.py,--pvp pd --dataset dataset_10000000rows_10ints_10floats.parquet
240,2349.058594,1698185871.5389,./benchmarks/filtering.py,--pvp pd --dataset dataset_10000000rows_10ints_10floats.parquet
241,1587.253906,1698185871.6502,./benchmarks/filtering.py,--pvp pd --dataset dataset_10000000rows_10ints_10floats.parquet
242,1505.871094,1698185871.7596,./benchmarks/filtering.py,--pvp pd --dataset dataset_10000000rows_10ints_10floats.parquet
243,1839.359375,1698185871.8846,./benchmarks/filtering.py,--pvp pd --dataset dataset_10000000rows_10ints_10floats.parquet
244,2153.566406,1698185872.0147,./benchmarks/filtering.py,--pvp pd --dataset dataset_10000000rows_10ints_10floats.parquet
245,2369.703125,1698185872.1198,./benchmarks/filtering.py,--pvp pd --dataset dataset_10000000rows_10ints_10floats.parquet
246,2360.84375,1698185872.23,./benchmarks/filtering.py,--pvp pd --dataset dataset_10000000rows_10ints_10floats.parquet
247,2124.742188,1698185872.3399,./benchmarks/filtering.py,--pvp pd --dataset dataset_10000000rows_10ints_10floats.parquet
248,1995.632812,1698185872.4501,./benchmarks/filtering.py,--pvp pd --dataset dataset_10000000rows_10ints_10floats.parquet
249,1888.507812,1698185872.561,./benchmarks/filtering.py,--pvp pd --dataset dataset_10000000rows_10ints_10floats.parquet
250,1692.0,1698185872.6707,./benchmarks/filtering.py,--pvp pd --dataset dataset_10000000rows_10ints_10floats.parquet
251,1683.941406,1698185872.7811,./benchmarks/filtering.py,--pvp pd --dataset dataset_10000000rows_10ints_10floats.parquet
252,1681.964844,1698185872.8977,./benchmarks/filtering.py,--pvp pd --dataset dataset_10000000rows_10ints_10floats.parquet
253,1547.003906,1698185873.0038,./benchmarks/filtering.py,--pvp pd --dataset dataset_10000000rows_10ints_10floats.parquet
254,1448.085938,1698185873.113,./benchmarks/filtering.py,--pvp pd --dataset dataset_10000000rows_10ints_10floats.parquet
255,1479.007812,1698185873.2212,./benchmarks/filtering.py,--pvp pd --dataset dataset_10000000rows_10ints_10floats.parquet
256,1500.972656,1698185873.3344,./benchmarks/filtering.py,--pvp pd --dataset dataset_10000000rows_10ints_10floats.parquet
257,1523.679688,1698185873.4378,./benchmarks/filtering.py,--pvp pd --dataset dataset_10000000rows_10ints_10floats.parquet
258,1547.125,1698185873.549,./benchmarks/filtering.py,--pvp pd --dataset dataset_10000000rows_10ints_10floats.parquet
259,1572.082031,1698185873.6615,./benchmarks/filtering.py,--pvp pd --dataset dataset_10000000rows_10ints_10floats.parquet
260,1592.324219,1698185873.7665,./benchmarks/filtering.py,--pvp pd --dataset dataset_10000000rows_10ints_10floats.parquet
261,1568.386719,1698185873.8761,./benchmarks/filtering.py,--pvp pd --dataset dataset_10000000rows_10ints_10floats.parquet
262,1574.730469,1698185873.9864,./benchmarks/filtering.py,--pvp pd --dataset dataset_10000000rows_10ints_10floats.parquet
263,1589.347656,1698185874.1049,./benchmarks/filtering.py,--pvp pd --dataset dataset_10000000rows_10ints_10floats.parquet
264,1897.105469,1698185874.2123,./benchmarks/filtering.py,--pvp pd --dataset dataset_10000000rows_10ints_10floats.parquet
265,1558.507812,1698185874.3232,./benchmarks/filtering.py,--pvp pd --dataset dataset_10000000rows_10ints_10floats.parquet
266,1212.070312,1698185874.4382,./benchmarks/filtering.py,--pvp pd --dataset dataset_10000000rows_10ints_10floats.parquet
267,1242.707031,1698185874.5626,./benchmarks/filtering.py,--pvp pd --dataset dataset_10000000rows_10ints_10floats.parquet
268,1315.503906,1698185874.6939,./benchmarks/filtering.py,--pvp pd --dataset dataset_10000000rows_10ints_10floats.parquet
269,1065.097656,1698185874.8014,./benchmarks/filtering.py,--pvp pd --dataset dataset_10000000rows_10ints_10floats.parquet
270,908.234375,1698185874.9116,./benchmarks/filtering.py,--pvp pd --dataset dataset_10000000rows_10ints_10floats.parquet
271,952.558594,1698185875.0231,./benchmarks/filtering.py,--pvp pd --dataset dataset_10000000rows_10ints_10floats.parquet
272,999.054688,1698185875.1327,./benchmarks/filtering.py,--pvp pd --dataset dataset_10000000rows_10ints_10floats.parquet
273,1043.878906,1698185875.2404,./benchmarks/filtering.py,--pvp pd --dataset dataset_10000000rows_10ints_10floats.parquet
274,915.242188,1698185875.3506,./benchmarks/filtering.py,--pvp pd --dataset dataset_10000000rows_10ints_10floats.parquet
275,906.316406,1698185875.4636,./benchmarks/filtering.py,--pvp pd --dataset dataset_10000000rows_10ints_10floats.parquet
276,860.566406,1698185875.5719,./benchmarks/filtering.py,--pvp pd --dataset dataset_10000000rows_10ints_10floats.parquet
277,654.160156,1698185875.682,./benchmarks/filtering.py,--pvp pd --dataset dataset_10000000rows_10ints_10floats.parquet
278,473.414062,1698185875.7887,./benchmarks/filtering.py,--pvp pd --dataset dataset_10000000rows_10ints_10floats.parquet
279,490.25,1698185875.8985,./benchmarks/filtering.py,--pvp pd --dataset dataset_10000000rows_10ints_10floats.parquet
280,720.722656,1698185876.0087,./benchmarks/filtering.py,--pvp pd --dataset dataset_10000000rows_10ints_10floats.parquet
281,925.222656,1698185876.1193,./benchmarks/filtering.py,--pvp pd --dataset dataset_10000000rows_10ints_10floats.parquet
282,1106.257812,1698185876.2397,./benchmarks/filtering.py,--pvp pd --dataset dataset_10000000rows_10ints_10floats.parquet
283,1018.847656,1698185876.3476,./benchmarks/filtering.py,--pvp pd --dataset dataset_10000000rows_10ints_10floats.parquet
284,1043.160156,1698185876.4574,./benchmarks/filtering.py,--pvp pd --dataset dataset_10000000rows_10ints_10floats.parquet
285,1062.863281,1698185876.5679,./benchmarks/filtering.py,--pvp pd --dataset dataset_10000000rows_10ints_10floats.parquet
286,1082.679688,1698185876.6781,./benchmarks/filtering.py,--pvp pd --dataset dataset_10000000rows_10ints_10floats.parquet
287,1101.996094,1698185876.787,./benchmarks/filtering.py,--pvp pd --dataset dataset_10000000rows_10ints_10floats.parquet
288,1126.3125,1698185876.9058,./benchmarks/filtering.py,--pvp pd --dataset dataset_10000000rows_10ints_10floats.parquet
289,1171.769531,1698185877.0151,./benchmarks/filtering.py,--pvp pd --dataset dataset_10000000rows_10ints_10floats.parquet
290,1189.8125,1698185877.1242,./benchmarks/filtering.py,--pvp pd --dataset dataset_10000000rows_10ints_10floats.parquet
291,1210.394531,1698185877.2354,./benchmarks/filtering.py,--pvp pd --dataset dataset_10000000rows_10ints_10floats.parquet
292,1228.453125,1698185877.3401,./benchmarks/filtering.py,--pvp pd --dataset dataset_10000000rows_10ints_10floats.parquet
293,1244.15625,1698185877.4561,./benchmarks/filtering.py,--pvp pd --dataset dataset_10000000rows_10ints_10floats.parquet
294,1260.847656,1698185877.5666,./benchmarks/filtering.py,--pvp pd --dataset dataset_10000000rows_10ints_10floats.parquet
295,1282.992188,1698185877.6718,./benchmarks/filtering.py,--pvp pd --dataset dataset_10000000rows_10ints_10floats.parquet
296,1309.246094,1698185877.7824,./benchmarks/filtering.py,--pvp pd --dataset dataset_10000000rows_10ints_10floats.parquet
297,1332.03125,1698185877.896,./benchmarks/filtering.py,--pvp pd --dataset dataset_10000000rows_10ints_10floats.parquet
298,1351.195312,1698185878.0008,./benchmarks/filtering.py,--pvp pd --dataset dataset_10000000rows_10ints_10floats.parquet
299,1373.8125,1698185878.1155,./benchmarks/filtering.py,--pvp pd --dataset dataset_10000000rows_10ints_10floats.parquet
300,1397.386719,1698185878.2246,./benchmarks/filtering.py,--pvp pd --dataset dataset_10000000rows_10ints_10floats.parquet
301,1416.070312,1698185878.3421,./benchmarks/filtering.py,--pvp pd --dataset dataset_10000000rows_10ints_10floats.parquet
302,1439.683594,1698185878.445,./benchmarks/filtering.py,--pvp pd --dataset dataset_10000000rows_10ints_10floats.parquet
303,1464.132812,1698185878.5555,./benchmarks/filtering.py,--pvp pd --dataset dataset_10000000rows_10ints_10floats.parquet
304,1488.554688,1698185878.6682,./benchmarks/filtering.py,--pvp pd --dataset dataset_10000000rows_10ints_10floats.parquet
305,1515.378906,1698185878.7756,./benchmarks/filtering.py,--pvp pd --dataset dataset_10000000rows_10ints_10floats.parquet
306,1540.417969,1698185878.8919,./benchmarks/filtering.py,--pvp pd --dataset dataset_10000000rows_10ints_10floats.parquet
307,1564.605469,1698185879.0024,./benchmarks/filtering.py,--pvp pd --dataset dataset_10000000rows_10ints_10floats.parquet
308,1586.332031,1698185879.1133,./benchmarks/filtering.py,--pvp pd --dataset dataset_10000000rows_10ints_10floats.parquet
309,1238.765625,1698185879.2236,./benchmarks/filtering.py,--pvp pd --dataset dataset_10000000rows_10ints_10floats.parquet
310,504.621094,1698185879.334,./benchmarks/filtering.py,--pvp pd --dataset dataset_10000000rows_10ints_10floats.parquet
311,523.289062,1698185879.4578,./benchmarks/filtering.py,--pvp pd --dataset dataset_10000000rows_10ints_10floats.parquet
312,541.148438,1698185879.5695,./benchmarks/filtering.py,--pvp pd --dataset dataset_10000000rows_10ints_10floats.parquet
313,557.304688,1698185879.682,./benchmarks/filtering.py,--pvp pd --dataset dataset_10000000rows_10ints_10floats.parquet
314,585.632812,1698185879.7898,./benchmarks/filtering.py,--pvp pd --dataset dataset_10000000rows_10ints_10floats.parquet
315,620.28125,1698185879.9003,./benchmarks/filtering.py,--pvp pd --dataset dataset_10000000rows_10ints_10floats.parquet
316,657.609375,1698185880.0061,./benchmarks/filtering.py,--pvp pd --dataset dataset_10000000rows_10ints_10floats.parquet
317,696.6875,1698185880.115,./benchmarks/filtering.py,--pvp pd --dataset dataset_10000000rows_10ints_10floats.parquet
318,728.5625,1698185880.2248,./benchmarks/filtering.py,--pvp pd --dataset dataset_10000000rows_10ints_10floats.parquet
319,761.757812,1698185880.3347,./benchmarks/filtering.py,--pvp pd --dataset dataset_10000000rows_10ints_10floats.parquet
320,794.507812,1698185880.4462,./benchmarks/filtering.py,--pvp pd --dataset dataset_10000000rows_10ints_10floats.parquet
321,826.949219,1698185880.5549,./benchmarks/filtering.py,--pvp pd --dataset dataset_10000000rows_10ints_10floats.parquet
322,858.492188,1698185880.6709,./benchmarks/filtering.py,--pvp pd --dataset dataset_10000000rows_10ints_10floats.parquet
323,886.097656,1698185880.775,./benchmarks/filtering.py,--pvp pd --dataset dataset_10000000rows_10ints_10floats.parquet
324,914.371094,1698185880.8848,./benchmarks/filtering.py,--pvp pd --dataset dataset_10000000rows_10ints_10floats.parquet
325,936.375,1698185880.9965,./benchmarks/filtering.py,--pvp pd --dataset dataset_10000000rows_10ints_10floats.parquet
326,943.996094,1698185881.1041,./benchmarks/filtering.py,--pvp pd --dataset dataset_10000000rows_10ints_10floats.parquet
327,953.6875,1698185881.214,./benchmarks/filtering.py,--pvp pd --dataset dataset_10000000rows_10ints_10floats.parquet
328,957.058594,1698185881.3237,./benchmarks/filtering.py,--pvp pd --dataset dataset_10000000rows_10ints_10floats.parquet
329,958.363281,1698185881.434,./benchmarks/filtering.py,--pvp pd --dataset dataset_10000000rows_10ints_10floats.parquet
330,959.855469,1698185881.549,./benchmarks/filtering.py,--pvp pd --dataset dataset_10000000rows_10ints_10floats.parquet
331,961.277344,1698185881.6587,./benchmarks/filtering.py,--pvp pd --dataset dataset_10000000rows_10ints_10floats.parquet
332,962.957031,1698185881.7722,./benchmarks/filtering.py,--pvp pd --dataset dataset_10000000rows_10ints_10floats.parquet
333,964.066406,1698185881.8802,./benchmarks/filtering.py,--pvp pd --dataset dataset_10000000rows_10ints_10floats.parquet
334,965.429688,1698185881.9905,./benchmarks/filtering.py,--pvp pd --dataset dataset_10000000rows_10ints_10floats.parquet
335,971.390625,1698185882.0909,./benchmarks/filtering.py,--pvp pd --dataset dataset_10000000rows_10ints_10floats.parquet
336,975.390625,1698185882.2006,./benchmarks/filtering.py,--pvp pd --dataset dataset_10000000rows_10ints_10floats.parquet
337,979.226562,1698185882.3103,./benchmarks/filtering.py,--pvp pd --dataset dataset_10000000rows_10ints_10floats.parquet
338,982.96875,1698185882.4201,./benchmarks/filtering.py,--pvp pd --dataset dataset_10000000rows_10ints_10floats.parquet
339,986.53125,1698185882.5299,./benchmarks/filtering.py,--pvp pd --dataset dataset_10000000rows_10ints_10floats.parquet
340,990.722656,1698185882.6402,./benchmarks/filtering.py,--pvp pd --dataset dataset_10000000rows_10ints_10floats.parquet
341,1093.109375,1698185882.7499,./benchmarks/filtering.py,--pvp pd --dataset dataset_10000000rows_10ints_10floats.parquet
342,1089.773438,1698185882.8597,./benchmarks/filtering.py,--pvp pd --dataset dataset_10000000rows_10ints_10floats.parquet
343,1120.539062,1698185882.9732,./benchmarks/filtering.py,--pvp pd --dataset dataset_10000000rows_10ints_10floats.parquet
344,1125.121094,1698185883.0803,./benchmarks/filtering.py,--pvp pd --dataset dataset_10000000rows_10ints_10floats.parquet
345,1130.792969,1698185883.1951,./benchmarks/filtering.py,--pvp pd --dataset dataset_10000000rows_10ints_10floats.parquet
346,1135.074219,1698185883.3046,./benchmarks/filtering.py,--pvp pd --dataset dataset_10000000rows_10ints_10floats.parquet
347,1143.976562,1698185883.4144,./benchmarks/filtering.py,--pvp pd --dataset dataset_10000000rows_10ints_10floats.parquet
348,1152.585938,1698185883.5241,./benchmarks/filtering.py,--pvp pd --dataset dataset_10000000rows_10ints_10floats.parquet
349,1160.636719,1698185883.6416,./benchmarks/filtering.py,--pvp pd --dataset dataset_10000000rows_10ints_10floats.parquet
350,1169.726562,1698185883.7519,./benchmarks/filtering.py,--pvp pd --dataset dataset_10000000rows_10ints_10floats.parquet
351,1197.964844,1698185883.8617,./benchmarks/filtering.py,--pvp pd --dataset dataset_10000000rows_10ints_10floats.parquet
352,1266.996094,1698185883.9741,./benchmarks/filtering.py,--pvp pd --dataset dataset_10000000rows_10ints_10floats.parquet
353,1337.097656,1698185884.0822,./benchmarks/filtering.py,--pvp pd --dataset dataset_10000000rows_10ints_10floats.parquet
354,1411.46875,1698185884.1998,./benchmarks/filtering.py,--pvp pd --dataset dataset_10000000rows_10ints_10floats.parquet
355,1488.9375,1698185884.3095,./benchmarks/filtering.py,--pvp pd --dataset dataset_10000000rows_10ints_10floats.parquet
356,1562.367188,1698185884.4199,./benchmarks/filtering.py,--pvp pd --dataset dataset_10000000rows_10ints_10floats.parquet
357,1633.863281,1698185884.5296,./benchmarks/filtering.py,--pvp pd --dataset dataset_10000000rows_10ints_10floats.parquet
358,1703.144531,1698185884.64,./benchmarks/filtering.py,--pvp pd --dataset dataset_10000000rows_10ints_10floats.parquet
359,1802.816406,1698185884.7482,./benchmarks/filtering.py,--pvp pd --dataset dataset_10000000rows_10ints_10floats.parquet
360,1915.1875,1698185884.8581,./benchmarks/filtering.py,--pvp pd --dataset dataset_10000000rows_10ints_10floats.parquet
361,2033.53125,1698185884.9748,./benchmarks/filtering.py,--pvp pd --dataset dataset_10000000rows_10ints_10floats.parquet
362,1845.347656,1698185885.0785,./benchmarks/filtering.py,--pvp pd --dataset dataset_10000000rows_10ints_10floats.parquet
363,1741.277344,1698185885.1883,./benchmarks/filtering.py,--pvp pd --dataset dataset_10000000rows_10ints_10floats.parquet
364,1735.910156,1698185885.297,./benchmarks/filtering.py,--pvp pd --dataset dataset_10000000rows_10ints_10floats.parquet
365,1729.882812,1698185885.4068,./benchmarks/filtering.py,--pvp pd --dataset dataset_10000000rows_10ints_10floats.parquet
366,1724.578125,1698185885.5165,./benchmarks/filtering.py,--pvp pd --dataset dataset_10000000rows_10ints_10floats.parquet
367,1722.511719,1698185885.6263,./benchmarks/filtering.py,--pvp pd --dataset dataset_10000000rows_10ints_10floats.parquet
368,1714.304688,1698185885.7363,./benchmarks/filtering.py,--pvp pd --dataset dataset_10000000rows_10ints_10floats.parquet
369,1668.355469,1698185885.8537,./benchmarks/filtering.py,--pvp pd --dataset dataset_10000000rows_10ints_10floats.parquet
370,1606.898438,1698185885.9587,./benchmarks/filtering.py,--pvp pd --dataset dataset_10000000rows_10ints_10floats.parquet
371,1466.222656,1698185886.0685,./benchmarks/filtering.py,--pvp pd --dataset dataset_10000000rows_10ints_10floats.parquet
372,1406.238281,1698185886.1786,./benchmarks/filtering.py,--pvp pd --dataset dataset_10000000rows_10ints_10floats.parquet
373,1348.5,1698185886.2915,./benchmarks/filtering.py,--pvp pd --dataset dataset_10000000rows_10ints_10floats.parquet
374,1305.769531,1698185886.3944,./benchmarks/filtering.py,--pvp pd --dataset dataset_10000000rows_10ints_10floats.parquet
375,1280.988281,1698185886.5042,./benchmarks/filtering.py,--pvp pd --dataset dataset_10000000rows_10ints_10floats.parquet
376,1272.914062,1698185886.6139,./benchmarks/filtering.py,--pvp pd --dataset dataset_10000000rows_10ints_10floats.parquet
377,1286.5,1698185886.7237,./benchmarks/filtering.py,--pvp pd --dataset dataset_10000000rows_10ints_10floats.parquet
378,1304.390625,1698185886.8344,./benchmarks/filtering.py,--pvp pd --dataset dataset_10000000rows_10ints_10floats.parquet
379,1317.59375,1698185886.9367,./benchmarks/filtering.py,--pvp pd --dataset dataset_10000000rows_10ints_10floats.parquet
380,1329.714844,1698185887.0465,./benchmarks/filtering.py,--pvp pd --dataset dataset_10000000rows_10ints_10floats.parquet
381,1339.410156,1698185887.1558,./benchmarks/filtering.py,--pvp pd --dataset dataset_10000000rows_10ints_10floats.parquet
382,1351.453125,1698185887.2655,./benchmarks/filtering.py,--pvp pd --dataset dataset_10000000rows_10ints_10floats.parquet
383,1362.144531,1698185887.3781,./benchmarks/filtering.py,--pvp pd --dataset dataset_10000000rows_10ints_10floats.parquet
384,1348.210938,1698185887.4841,./benchmarks/filtering.py,--pvp pd --dataset dataset_10000000rows_10ints_10floats.parquet
385,1321.351562,1698185887.5959,./benchmarks/filtering.py,--pvp pd --dataset dataset_10000000rows_10ints_10floats.parquet
386,1282.519531,1698185887.7043,./benchmarks/filtering.py,--pvp pd --dataset dataset_10000000rows_10ints_10floats.parquet
387,1245.578125,1698185887.8185,./benchmarks/filtering.py,--pvp pd --dataset dataset_10000000rows_10ints_10floats.parquet
388,1220.171875,1698185887.9227,./benchmarks/filtering.py,--pvp pd --dataset dataset_10000000rows_10ints_10floats.parquet
389,1091.671875,1698185888.0325,./benchmarks/filtering.py,--pvp pd --dataset dataset_10000000rows_10ints_10floats.parquet
390,1058.019531,1698185888.1439,./benchmarks/filtering.py,--pvp pd --dataset dataset_10000000rows_10ints_10floats.parquet
391,1030.125,1698185888.2555,./benchmarks/filtering.py,--pvp pd --dataset dataset_10000000rows_10ints_10floats.parquet
392,1004.035156,1698185888.3682,./benchmarks/filtering.py,--pvp pd --dataset dataset_10000000rows_10ints_10floats.parquet
393,981.484375,1698185888.4786,./benchmarks/filtering.py,--pvp pd --dataset dataset_10000000rows_10ints_10floats.parquet
394,958.25,1698185888.5828,./benchmarks/filtering.py,--pvp pd --dataset dataset_10000000rows_10ints_10floats.parquet
395,934.859375,1698185888.6928,./benchmarks/filtering.py,--pvp pd --dataset dataset_10000000rows_10ints_10floats.parquet
396,909.523438,1698185888.803,./benchmarks/filtering.py,--pvp pd --dataset dataset_10000000rows_10ints_10floats.parquet
397,884.703125,1698185888.9128,./benchmarks/filtering.py,--pvp pd --dataset dataset_10000000rows_10ints_10floats.parquet
398,675.074219,1698185889.0292,./benchmarks/filtering.py,--pvp pd --dataset dataset_10000000rows_10ints_10floats.parquet
399,656.414062,1698185889.139,./benchmarks/filtering.py,--pvp pd --dataset dataset_10000000rows_10ints_10floats.parquet
400,639.097656,1698185889.2535,./benchmarks/filtering.py,--pvp pd --dataset dataset_10000000rows_10ints_10floats.parquet
401,615.078125,1698185889.3634,./benchmarks/filtering.py,--pvp pd --dataset dataset_10000000rows_10ints_10floats.parquet
402,590.355469,1698185889.4803,./benchmarks/filtering.py,--pvp pd --dataset dataset_10000000rows_10ints_10floats.parquet
403,566.554688,1698185889.5891,./benchmarks/filtering.py,--pvp pd --dataset dataset_10000000rows_10ints_10floats.parquet
404,532.699219,1698185889.6989,./benchmarks/filtering.py,--pvp pd --dataset dataset_10000000rows_10ints_10floats.parquet
405,502.578125,1698185889.8089,./benchmarks/filtering.py,--pvp pd --dataset dataset_10000000rows_10ints_10floats.parquet
406,406.414062,1698185889.9277,./benchmarks/filtering.py,--pvp pd --dataset dataset_10000000rows_10ints_10floats.parquet
407,367.613281,1698185890.0319,./benchmarks/filtering.py,--pvp pd --dataset dataset_10000000rows_10ints_10floats.parquet
408,330.019531,1698185890.1431,./benchmarks/filtering.py,--pvp pd --dataset dataset_10000000rows_10ints_10floats.parquet
409,41.824219,1698185890.3453,./benchmarks/filtering.py,--pvp pd --dataset dataset_10000000rows_10ints_10floats.parquet
410,319.011719,1698185890.4591,./benchmarks/filtering.py,--pvp pd --dataset dataset_10000000rows_10ints_10floats.parquet
411,1.34375,1698185890.8242,./benchmarks/filtering.py,--pvp pd --dataset dataset_10000000rows_10ints_10floats.parquet
412,0.8125,1698185891.182,./benchmarks/filtering.py,--pvp pd --dataset dataset_10000000rows_10ints_10floats.parquet
413,0.0,1698185891.3809,./benchmarks/filtering.py,--pvp pd --dataset dataset_10000000rows_10ints_10floats.parquet
414,3.371094,1698185891.4919,./benchmarks/filtering.py,--pvp pd --dataset dataset_10000000rows_10ints_10floats.parquet
415,1.070312,1698185891.7657,./benchmarks/filtering.py,--pvp pd --dataset dataset_10000000rows_10ints_10floats.parquet
416,0.652344,1698185892.042,./benchmarks/filtering.py,--pvp pd --dataset dataset_10000000rows_10ints_10floats.parquet
417,0.90625,1698185892.3111,./benchmarks/filtering.py,--pvp pd --dataset dataset_10000000rows_10ints_10floats.parquet
418,1.046875,1698185892.6391,./benchmarks/filtering.py,--pvp pd --dataset dataset_10000000rows_10ints_10floats.parquet
419,0.714844,1698185892.9403,./benchmarks/filtering.py,--pvp pd --dataset dataset_10000000rows_10ints_10floats.parquet
420,0.796875,1698185893.26,./benchmarks/filtering.py,--pvp pd --dataset dataset_10000000rows_10ints_10floats.parquet
421,7.316406,1698185893.3678,./benchmarks/filtering.py,--pvp pd --dataset dataset_10000000rows_10ints_10floats.parquet
422,3.101562,1698185893.4851,./benchmarks/filtering.py,--pvp pd --dataset dataset_10000000rows_10ints_10floats.parquet
423,0.933594,1698185893.6659,./benchmarks/filtering.py,--pvp pd --dataset dataset_10000000rows_10ints_10floats.parquet
424,19.0,1698185893.771,./benchmarks/filtering.py,--pvp pd --dataset dataset_10000000rows_10ints_10floats.parquet
425,6.789062,1698185893.8969,./benchmarks/filtering.py,--pvp pd --dataset dataset_10000000rows_10ints_10floats.parquet
426,34.085938,1698185894.0068,./benchmarks/filtering.py,--pvp pd --dataset dataset_10000000rows_10ints_10floats.parquet
427,46.964844,1698185894.1165,./benchmarks/filtering.py,--pvp pd --dataset dataset_10000000rows_10ints_10floats.parquet
428,62.261719,1698185894.2263,./benchmarks/filtering.py,--pvp pd --dataset dataset_10000000rows_10ints_10floats.parquet
429,75.320312,1698185894.3279,./benchmarks/filtering.py,--pvp pd --dataset dataset_10000000rows_10ints_10floats.parquet
430,92.800781,1698185894.4377,./benchmarks/filtering.py,--pvp pd --dataset dataset_10000000rows_10ints_10floats.parquet
431,109.304688,1698185894.5475,./benchmarks/filtering.py,--pvp pd --dataset dataset_10000000rows_10ints_10floats.parquet
432,125.15625,1698185894.6573,./benchmarks/filtering.py,--pvp pd --dataset dataset_10000000rows_10ints_10floats.parquet
433,136.964844,1698185894.77,./benchmarks/filtering.py,--pvp pd --dataset dataset_10000000rows_10ints_10floats.parquet
434,149.152344,1698185894.8873,./benchmarks/filtering.py,--pvp pd --dataset dataset_10000000rows_10ints_10floats.parquet
435,162.484375,1698185894.9955,./benchmarks/filtering.py,--pvp pd --dataset dataset_10000000rows_10ints_10floats.parquet
436,179.054688,1698185895.1053,./benchmarks/filtering.py,--pvp pd --dataset dataset_10000000rows_10ints_10floats.parquet
437,191.898438,1698185895.2151,./benchmarks/filtering.py,--pvp pd --dataset dataset_10000000rows_10ints_10floats.parquet
438,203.117188,1698185895.33,./benchmarks/filtering.py,--pvp pd --dataset dataset_10000000rows_10ints_10floats.parquet
439,209.238281,1698185895.4398,./benchmarks/filtering.py,--pvp pd --dataset dataset_10000000rows_10ints_10floats.parquet
440,216.476562,1698185895.5496,./benchmarks/filtering.py,--pvp pd --dataset dataset_10000000rows_10ints_10floats.parquet
441,235.496094,1698185895.6594,./benchmarks/filtering.py,--pvp pd --dataset dataset_10000000rows_10ints_10floats.parquet
442,243.175781,1698185895.7692,./benchmarks/filtering.py,--pvp pd --dataset dataset_10000000rows_10ints_10floats.parquet
443,248.648438,1698185895.88,./benchmarks/filtering.py,--pvp pd --dataset dataset_10000000rows_10ints_10floats.parquet
444,253.347656,1698185895.9897,./benchmarks/filtering.py,--pvp pd --dataset dataset_10000000rows_10ints_10floats.parquet
445,259.511719,1698185896.0995,./benchmarks/filtering.py,--pvp pd --dataset dataset_10000000rows_10ints_10floats.parquet
446,264.796875,1698185896.2093,./benchmarks/filtering.py,--pvp pd --dataset dataset_10000000rows_10ints_10floats.parquet
447,270.941406,1698185896.3191,./benchmarks/filtering.py,--pvp pd --dataset dataset_10000000rows_10ints_10floats.parquet
448,276.515625,1698185896.4221,./benchmarks/filtering.py,--pvp pd --dataset dataset_10000000rows_10ints_10floats.parquet
449,283.855469,1698185896.5319,./benchmarks/filtering.py,--pvp pd --dataset dataset_10000000rows_10ints_10floats.parquet
450,291.179688,1698185896.6417,./benchmarks/filtering.py,--pvp pd --dataset dataset_10000000rows_10ints_10floats.parquet
451,297.671875,1698185896.7515,./benchmarks/filtering.py,--pvp pd --dataset dataset_10000000rows_10ints_10floats.parquet
452,302.128906,1698185896.8613,./benchmarks/filtering.py,--pvp pd --dataset dataset_10000000rows_10ints_10floats.parquet
453,307.765625,1698185896.962,./benchmarks/filtering.py,--pvp pd --dataset dataset_10000000rows_10ints_10floats.parquet
454,315.238281,1698185897.0718,./benchmarks/filtering.py,--pvp pd --dataset dataset_10000000rows_10ints_10floats.parquet
455,327.210938,1698185897.1816,./benchmarks/filtering.py,--pvp pd --dataset dataset_10000000rows_10ints_10floats.parquet
456,334.152344,1698185897.2924,./benchmarks/filtering.py,--pvp pd --dataset dataset_10000000rows_10ints_10floats.parquet
457,344.765625,1698185897.4016,./benchmarks/filtering.py,--pvp pd --dataset dataset_10000000rows_10ints_10floats.parquet
458,365.402344,1698185897.5116,./benchmarks/filtering.py,--pvp pd --dataset dataset_10000000rows_10ints_10floats.parquet
459,373.488281,1698185897.6214,./benchmarks/filtering.py,--pvp pd --dataset dataset_10000000rows_10ints_10floats.parquet
460,401.257812,1698185897.7312,./benchmarks/filtering.py,--pvp pd --dataset dataset_10000000rows_10ints_10floats.parquet
461,445.507812,1698185897.8409,./benchmarks/filtering.py,--pvp pd --dataset dataset_10000000rows_10ints_10floats.parquet
462,492.535156,1698185897.9527,./benchmarks/filtering.py,--pvp pd --dataset dataset_10000000rows_10ints_10floats.parquet
463,544.53125,1698185898.059,./benchmarks/filtering.py,--pvp pd --dataset dataset_10000000rows_10ints_10floats.parquet
464,597.601562,1698185898.1787,./benchmarks/filtering.py,--pvp pd --dataset dataset_10000000rows_10ints_10floats.parquet
465,310.652344,1698185898.2935,./benchmarks/filtering.py,--pvp pd --dataset dataset_10000000rows_10ints_10floats.parquet
466,64.007812,1698185898.4025,./benchmarks/filtering.py,--pvp pd --dataset dataset_10000000rows_10ints_10floats.parquet
467,164.558594,1698185898.5136,./benchmarks/filtering.py,--pvp pd --dataset dataset_10000000rows_10ints_10floats.parquet
468,270.941406,1698185898.6359,./benchmarks/filtering.py,--pvp pd --dataset dataset_10000000rows_10ints_10floats.parquet
469,389.34375,1698185898.742,./benchmarks/filtering.py,--pvp pd --dataset dataset_10000000rows_10ints_10floats.parquet
470,514.726562,1698185898.8523,./benchmarks/filtering.py,--pvp pd --dataset dataset_10000000rows_10ints_10floats.parquet
471,660.417969,1698185898.9621,./benchmarks/filtering.py,--pvp pd --dataset dataset_10000000rows_10ints_10floats.parquet
472,799.636719,1698185899.0647,./benchmarks/filtering.py,--pvp pd --dataset dataset_10000000rows_10ints_10floats.parquet
473,962.085938,1698185899.1757,./benchmarks/filtering.py,--pvp pd --dataset dataset_10000000rows_10ints_10floats.parquet
474,1127.367188,1698185899.2855,./benchmarks/filtering.py,--pvp pd --dataset dataset_10000000rows_10ints_10floats.parquet
475,1302.847656,1698185899.3966,./benchmarks/filtering.py,--pvp pd --dataset dataset_10000000rows_10ints_10floats.parquet
476,1486.339844,1698185899.5069,./benchmarks/filtering.py,--pvp pd --dataset dataset_10000000rows_10ints_10floats.parquet
477,1626.765625,1698185899.6137,./benchmarks/filtering.py,--pvp pd --dataset dataset_10000000rows_10ints_10floats.parquet
478,1778.601562,1698185899.7236,./benchmarks/filtering.py,--pvp pd --dataset dataset_10000000rows_10ints_10floats.parquet
479,1914.054688,1698185899.8338,./benchmarks/filtering.py,--pvp pd --dataset dataset_10000000rows_10ints_10floats.parquet
480,2052.648438,1698185899.943,./benchmarks/filtering.py,--pvp pd --dataset dataset_10000000rows_10ints_10floats.parquet
481,2173.199219,1698185900.053,./benchmarks/filtering.py,--pvp pd --dataset dataset_10000000rows_10ints_10floats.parquet
482,2324.378906,1698185900.1628,./benchmarks/filtering.py,--pvp pd --dataset dataset_10000000rows_10ints_10floats.parquet
483,2411.945312,1698185900.2733,./benchmarks/filtering.py,--pvp pd --dataset dataset_10000000rows_10ints_10floats.parquet
484,2506.988281,1698185900.3837,./benchmarks/filtering.py,--pvp pd --dataset dataset_10000000rows_10ints_10floats.parquet
485,2623.523438,1698185900.4969,./benchmarks/filtering.py,--pvp pd --dataset dataset_10000000rows_10ints_10floats.parquet
486,2626.578125,1698185900.6052,./benchmarks/filtering.py,--pvp pd --dataset dataset_10000000rows_10ints_10floats.parquet
487,2630.804688,1698185900.715,./benchmarks/filtering.py,--pvp pd --dataset dataset_10000000rows_10ints_10floats.parquet
488,2633.714844,1698185900.8248,./benchmarks/filtering.py,--pvp pd --dataset dataset_10000000rows_10ints_10floats.parquet
489,2636.972656,1698185900.9346,./benchmarks/filtering.py,--pvp pd --dataset dataset_10000000rows_10ints_10floats.parquet
490,2641.425781,1698185901.0443,./benchmarks/filtering.py,--pvp pd --dataset dataset_10000000rows_10ints_10floats.parquet
491,2645.328125,1698185901.1541,./benchmarks/filtering.py,--pvp pd --dataset dataset_10000000rows_10ints_10floats.parquet
492,2532.738281,1698185901.2625,./benchmarks/filtering.py,--pvp pd --dataset dataset_10000000rows_10ints_10floats.parquet
493,2536.371094,1698185901.3659,./benchmarks/filtering.py,--pvp pd --dataset dataset_10000000rows_10ints_10floats.parquet
494,2539.953125,1698185901.4756,./benchmarks/filtering.py,--pvp pd --dataset dataset_10000000rows_10ints_10floats.parquet
495,2544.238281,1698185901.5854,./benchmarks/filtering.py,--pvp pd --dataset dataset_10000000rows_10ints_10floats.parquet
496,2547.800781,1698185901.687,./benchmarks/filtering.py,--pvp pd --dataset dataset_10000000rows_10ints_10floats.parquet
497,2549.621094,1698185901.7993,./benchmarks/filtering.py,--pvp pd --dataset dataset_10000000rows_10ints_10floats.parquet
498,2556.679688,1698185901.9059,./benchmarks/filtering.py,--pvp pd --dataset dataset_10000000rows_10ints_10floats.parquet
499,2569.816406,1698185902.0308,./benchmarks/filtering.py,--pvp pd --dataset dataset_10000000rows_10ints_10floats.parquet
500,2580.417969,1698185902.1406,./benchmarks/filtering.py,--pvp pd --dataset dataset_10000000rows_10ints_10floats.parquet
501,2589.484375,1698185902.2447,./benchmarks/filtering.py,--pvp pd --dataset dataset_10000000rows_10ints_10floats.parquet
502,2605.625,1698185902.3545,./benchmarks/filtering.py,--pvp pd --dataset dataset_10000000rows_10ints_10floats.parquet
503,2617.035156,1698185902.4642,./benchmarks/filtering.py,--pvp pd --dataset dataset_10000000rows_10ints_10floats.parquet
504,2628.714844,1698185902.574,./benchmarks/filtering.py,--pvp pd --dataset dataset_10000000rows_10ints_10floats.parquet
505,2639.65625,1698185902.6838,./benchmarks/filtering.py,--pvp pd --dataset dataset_10000000rows_10ints_10floats.parquet
506,2649.582031,1698185902.7844,./benchmarks/filtering.py,--pvp pd --dataset dataset_10000000rows_10ints_10floats.parquet
507,2665.253906,1698185902.9007,./benchmarks/filtering.py,--pvp pd --dataset dataset_10000000rows_10ints_10floats.parquet
508,2803.988281,1698185903.0043,./benchmarks/filtering.py,--pvp pd --dataset dataset_10000000rows_10ints_10floats.parquet
509,3003.230469,1698185903.1141,./benchmarks/filtering.py,--pvp pd --dataset dataset_10000000rows_10ints_10floats.parquet
510,2494.324219,1698185903.2239,./benchmarks/filtering.py,--pvp pd --dataset dataset_10000000rows_10ints_10floats.parquet
511,1610.828125,1698185903.3265,./benchmarks/filtering.py,--pvp pd --dataset dataset_10000000rows_10ints_10floats.parquet
512,768.601562,1698185903.4363,./benchmarks/filtering.py,--pvp pd --dataset dataset_10000000rows_10ints_10floats.parquet
513,10.542969,1698185903.5463,./benchmarks/filtering.py,--pvp pd --dataset dataset_10000000rows_10ints_10floats.parquet
514,28.382812,1698185903.6664,./benchmarks/filtering.py,--pvp pd --dataset dataset_10000000rows_10ints_10floats.parquet
515,54.378906,1698185903.7842,./benchmarks/filtering.py,--pvp pd --dataset dataset_10000000rows_10ints_10floats.parquet
516,70.972656,1698185903.9026,./benchmarks/filtering.py,--pvp pd --dataset dataset_10000000rows_10ints_10floats.parquet
517,73.769531,1698185904.0095,./benchmarks/filtering.py,--pvp pd --dataset dataset_10000000rows_10ints_10floats.parquet
0,11.414062,1698185906.0423,./benchmarks/filtering.py,--pvp pd --dataset dataset_1000000rows_10ints_10floats.parquet
1,18.28125,1698185906.1583,./benchmarks/filtering.py,--pvp pd --dataset dataset_1000000rows_10ints_10floats.parquet
2,25.542969,1698185906.2738,./benchmarks/filtering.py,--pvp pd --dataset dataset_1000000rows_10ints_10floats.parquet
3,33.914062,1698185906.384,./benchmarks/filtering.py,--pvp pd --dataset dataset_1000000rows_10ints_10floats.parquet
4,39.761719,1698185906.4853,./benchmarks/filtering.py,--pvp pd --dataset dataset_1000000rows_10ints_10floats.parquet
5,45.746094,1698185906.6073,./benchmarks/filtering.py,--pvp pd --dataset dataset_1000000rows_10ints_10floats.parquet
6,50.855469,1698185906.7214,./benchmarks/filtering.py,--pvp pd --dataset dataset_1000000rows_10ints_10floats.parquet
7,55.25,1698185906.8351,./benchmarks/filtering.py,--pvp pd --dataset dataset_1000000rows_10ints_10floats.parquet
8,58.90625,1698185906.9449,./benchmarks/filtering.py,--pvp pd --dataset dataset_1000000rows_10ints_10floats.parquet
9,64.6875,1698185907.0608,./benchmarks/filtering.py,--pvp pd --dataset dataset_1000000rows_10ints_10floats.parquet
10,65.960938,1698185907.1632,./benchmarks/filtering.py,--pvp pd --dataset dataset_1000000rows_10ints_10floats.parquet
11,69.753906,1698185907.2633,./benchmarks/filtering.py,--pvp pd --dataset dataset_1000000rows_10ints_10floats.parquet
12,77.183594,1698185907.379,./benchmarks/filtering.py,--pvp pd --dataset dataset_1000000rows_10ints_10floats.parquet
13,82.957031,1698185907.4967,./benchmarks/filtering.py,--pvp pd --dataset dataset_1000000rows_10ints_10floats.parquet
14,88.964844,1698185907.6125,./benchmarks/filtering.py,--pvp pd --dataset dataset_1000000rows_10ints_10floats.parquet
15,95.082031,1698185907.7296,./benchmarks/filtering.py,--pvp pd --dataset dataset_1000000rows_10ints_10floats.parquet
16,164.472656,1698185907.8315,./benchmarks/filtering.py,--pvp pd --dataset dataset_1000000rows_10ints_10floats.parquet
17,424.214844,1698185907.9745,./benchmarks/filtering.py,--pvp pd --dataset dataset_1000000rows_10ints_10floats.parquet
18,545.933594,1698185908.0773,./benchmarks/filtering.py,--pvp pd --dataset dataset_1000000rows_10ints_10floats.parquet
19,641.496094,1698185908.187,./benchmarks/filtering.py,--pvp pd --dataset dataset_1000000rows_10ints_10floats.parquet
20,678.074219,1698185908.2968,./benchmarks/filtering.py,--pvp pd --dataset dataset_1000000rows_10ints_10floats.parquet
21,688.789062,1698185908.4076,./benchmarks/filtering.py,--pvp pd --dataset dataset_1000000rows_10ints_10floats.parquet
22,738.078125,1698185908.5173,./benchmarks/filtering.py,--pvp pd --dataset dataset_1000000rows_10ints_10floats.parquet
23,705.53125,1698185908.6258,./benchmarks/filtering.py,--pvp pd --dataset dataset_1000000rows_10ints_10floats.parquet
24,808.558594,1698185908.7358,./benchmarks/filtering.py,--pvp pd --dataset dataset_1000000rows_10ints_10floats.parquet
25,853.367188,1698185908.8612,./benchmarks/filtering.py,--pvp pd --dataset dataset_1000000rows_10ints_10floats.parquet
26,893.78125,1698185908.9709,./benchmarks/filtering.py,--pvp pd --dataset dataset_1000000rows_10ints_10floats.parquet
27,982.457031,1698185909.0869,./benchmarks/filtering.py,--pvp pd --dataset dataset_1000000rows_10ints_10floats.parquet
28,936.128906,1698185909.1967,./benchmarks/filtering.py,--pvp pd --dataset dataset_1000000rows_10ints_10floats.parquet
29,936.515625,1698185909.3095,./benchmarks/filtering.py,--pvp pd --dataset dataset_1000000rows_10ints_10floats.parquet
30,937.003906,1698185909.4163,./benchmarks/filtering.py,--pvp pd --dataset dataset_1000000rows_10ints_10floats.parquet
31,870.65625,1698185909.5257,./benchmarks/filtering.py,--pvp pd --dataset dataset_1000000rows_10ints_10floats.parquet
32,481.386719,1698185909.6399,./benchmarks/filtering.py,--pvp pd --dataset dataset_1000000rows_10ints_10floats.parquet
33,51.921875,1698185909.7487,./benchmarks/filtering.py,--pvp pd --dataset dataset_1000000rows_10ints_10floats.parquet
0,1.765625,1698185910.4004,./benchmarks/filtering.py,--pvp pl --dataset dataset_10000000rows_10ints_10floats.parquet
1,18.785156,1698185910.5122,./benchmarks/filtering.py,--pvp pl --dataset dataset_10000000rows_10ints_10floats.parquet
2,37.386719,1698185910.6226,./benchmarks/filtering.py,--pvp pl --dataset dataset_10000000rows_10ints_10floats.parquet
3,47.4375,1698185910.736,./benchmarks/filtering.py,--pvp pl --dataset dataset_10000000rows_10ints_10floats.parquet
4,56.398438,1698185910.8425,./benchmarks/filtering.py,--pvp pl --dataset dataset_10000000rows_10ints_10floats.parquet
5,61.105469,1698185910.9487,./benchmarks/filtering.py,--pvp pl --dataset dataset_10000000rows_10ints_10floats.parquet
6,67.507812,1698185911.0684,./benchmarks/filtering.py,--pvp pl --dataset dataset_10000000rows_10ints_10floats.parquet
7,76.34375,1698185911.1787,./benchmarks/filtering.py,--pvp pl --dataset dataset_10000000rows_10ints_10floats.parquet
8,81.625,1698185911.2974,./benchmarks/filtering.py,--pvp pl --dataset dataset_10000000rows_10ints_10floats.parquet
9,88.128906,1698185911.412,./benchmarks/filtering.py,--pvp pl --dataset dataset_10000000rows_10ints_10floats.parquet
10,93.824219,1698185911.5245,./benchmarks/filtering.py,--pvp pl --dataset dataset_10000000rows_10ints_10floats.parquet
11,330.875,1698185911.6973,./benchmarks/filtering.py,--pvp pl --dataset dataset_10000000rows_10ints_10floats.parquet
12,629.550781,1698185911.9139,./benchmarks/filtering.py,--pvp pl --dataset dataset_10000000rows_10ints_10floats.parquet
13,834.589844,1698185912.0638,./benchmarks/filtering.py,--pvp pl --dataset dataset_10000000rows_10ints_10floats.parquet
14,1026.152344,1698185912.2164,./benchmarks/filtering.py,--pvp pl --dataset dataset_10000000rows_10ints_10floats.parquet
15,1219.878906,1698185912.3728,./benchmarks/filtering.py,--pvp pl --dataset dataset_10000000rows_10ints_10floats.parquet
16,1426.136719,1698185912.5198,./benchmarks/filtering.py,--pvp pl --dataset dataset_10000000rows_10ints_10floats.parquet
17,1655.972656,1698185912.6765,./benchmarks/filtering.py,--pvp pl --dataset dataset_10000000rows_10ints_10floats.parquet
18,1902.316406,1698185912.8707,./benchmarks/filtering.py,--pvp pl --dataset dataset_10000000rows_10ints_10floats.parquet
19,2103.019531,1698185913.0407,./benchmarks/filtering.py,--pvp pl --dataset dataset_10000000rows_10ints_10floats.parquet
20,2310.25,1698185913.1979,./benchmarks/filtering.py,--pvp pl --dataset dataset_10000000rows_10ints_10floats.parquet
21,2503.703125,1698185913.3498,./benchmarks/filtering.py,--pvp pl --dataset dataset_10000000rows_10ints_10floats.parquet
22,2735.449219,1698185913.5155,./benchmarks/filtering.py,--pvp pl --dataset dataset_10000000rows_10ints_10floats.parquet
23,2913.601562,1698185913.6685,./benchmarks/filtering.py,--pvp pl --dataset dataset_10000000rows_10ints_10floats.parquet
24,3107.359375,1698185913.8415,./benchmarks/filtering.py,--pvp pl --dataset dataset_10000000rows_10ints_10floats.parquet
25,2878.246094,1698185913.9569,./benchmarks/filtering.py,--pvp pl --dataset dataset_10000000rows_10ints_10floats.parquet
26,2587.929688,1698185914.0828,./benchmarks/filtering.py,--pvp pl --dataset dataset_10000000rows_10ints_10floats.parquet
27,2277.046875,1698185914.1926,./benchmarks/filtering.py,--pvp pl --dataset dataset_10000000rows_10ints_10floats.parquet
28,1935.390625,1698185914.3184,./benchmarks/filtering.py,--pvp pl --dataset dataset_10000000rows_10ints_10floats.parquet
29,1594.285156,1698185914.4511,./benchmarks/filtering.py,--pvp pl --dataset dataset_10000000rows_10ints_10floats.parquet
30,1317.65625,1698185914.5684,./benchmarks/filtering.py,--pvp pl --dataset dataset_10000000rows_10ints_10floats.parquet
31,1243.804688,1698185914.6949,./benchmarks/filtering.py,--pvp pl --dataset dataset_10000000rows_10ints_10floats.parquet
32,1268.734375,1698185914.8201,./benchmarks/filtering.py,--pvp pl --dataset dataset_10000000rows_10ints_10floats.parquet
33,1171.296875,1698185914.943,./benchmarks/filtering.py,--pvp pl --dataset dataset_10000000rows_10ints_10floats.parquet
34,1101.582031,1698185915.054,./benchmarks/filtering.py,--pvp pl --dataset dataset_10000000rows_10ints_10floats.parquet
35,904.71875,1698185915.1638,./benchmarks/filtering.py,--pvp pl --dataset dataset_10000000rows_10ints_10floats.parquet
36,569.96875,1698185915.2892,./benchmarks/filtering.py,--pvp pl --dataset dataset_10000000rows_10ints_10floats.parquet
37,1163.5,1698185915.4186,./benchmarks/filtering.py,--pvp pl --dataset dataset_10000000rows_10ints_10floats.parquet
38,1866.433594,1698185915.557,./benchmarks/filtering.py,--pvp pl --dataset dataset_10000000rows_10ints_10floats.parquet
39,1803.816406,1698185915.6668,./benchmarks/filtering.py,--pvp pl --dataset dataset_10000000rows_10ints_10floats.parquet
40,1803.816406,1698185915.7922,./benchmarks/filtering.py,--pvp pl --dataset dataset_10000000rows_10ints_10floats.parquet
41,1771.816406,1698185915.918,./benchmarks/filtering.py,--pvp pl --dataset dataset_10000000rows_10ints_10floats.parquet
42,1771.816406,1698185916.042,./benchmarks/filtering.py,--pvp pl --dataset dataset_10000000rows_10ints_10floats.parquet
43,1603.53125,1698185916.1774,./benchmarks/filtering.py,--pvp pl --dataset dataset_10000000rows_10ints_10floats.parquet
44,1261.585938,1698185916.3066,./benchmarks/filtering.py,--pvp pl --dataset dataset_10000000rows_10ints_10floats.parquet
45,933.324219,1698185916.4199,./benchmarks/filtering.py,--pvp pl --dataset dataset_10000000rows_10ints_10floats.parquet
46,575.007812,1698185916.5359,./benchmarks/filtering.py,--pvp pl --dataset dataset_10000000rows_10ints_10floats.parquet
47,540.628906,1698185916.6613,./benchmarks/filtering.py,--pvp pl --dataset dataset_10000000rows_10ints_10floats.parquet
48,284.097656,1698185916.8497,./benchmarks/filtering.py,--pvp pl --dataset dataset_10000000rows_10ints_10floats.parquet
49,334.78125,1698185916.9751,./benchmarks/filtering.py,--pvp pl --dataset dataset_10000000rows_10ints_10floats.parquet
50,430.582031,1698185917.123,./benchmarks/filtering.py,--pvp pl --dataset dataset_10000000rows_10ints_10floats.parquet
51,359.648438,1698185917.3582,./benchmarks/filtering.py,--pvp pl --dataset dataset_10000000rows_10ints_10floats.parquet
52,247.472656,1698185917.6563,./benchmarks/filtering.py,--pvp pl --dataset dataset_10000000rows_10ints_10floats.parquet
53,205.964844,1698185917.8019,./benchmarks/filtering.py,--pvp pl --dataset dataset_10000000rows_10ints_10floats.parquet
54,452.320312,1698185917.9694,./benchmarks/filtering.py,--pvp pl --dataset dataset_10000000rows_10ints_10floats.parquet
55,157.324219,1698185918.2737,./benchmarks/filtering.py,--pvp pl --dataset dataset_10000000rows_10ints_10floats.parquet
56,15.339844,1698185918.5568,./benchmarks/filtering.py,--pvp pl --dataset dataset_10000000rows_10ints_10floats.parquet
57,16.792969,1698185918.6947,./benchmarks/filtering.py,--pvp pl --dataset dataset_10000000rows_10ints_10floats.parquet
58,0.0,1698185919.4028,./benchmarks/filtering.py,--pvp pl --dataset dataset_10000000rows_10ints_10floats.parquet
59,68.648438,1698185919.6217,./benchmarks/filtering.py,--pvp pl --dataset dataset_10000000rows_10ints_10floats.parquet
60,15.320312,1698185920.05,./benchmarks/filtering.py,--pvp pl --dataset dataset_10000000rows_10ints_10floats.parquet
61,7.25,1698185920.7866,./benchmarks/filtering.py,--pvp pl --dataset dataset_10000000rows_10ints_10floats.parquet
62,30.871094,1698185921.0442,./benchmarks/filtering.py,--pvp pl --dataset dataset_10000000rows_10ints_10floats.parquet
63,9.21875,1698185921.3036,./benchmarks/filtering.py,--pvp pl --dataset dataset_10000000rows_10ints_10floats.parquet
64,14.882812,1698185921.6531,./benchmarks/filtering.py,--pvp pl --dataset dataset_10000000rows_10ints_10floats.parquet
65,22.859375,1698185921.7748,./benchmarks/filtering.py,--pvp pl --dataset dataset_10000000rows_10ints_10floats.parquet
66,9.765625,1698185922.0383,./benchmarks/filtering.py,--pvp pl --dataset dataset_10000000rows_10ints_10floats.parquet
67,8.671875,1698185922.2759,./benchmarks/filtering.py,--pvp pl --dataset dataset_10000000rows_10ints_10floats.parquet
68,0.785156,1698185922.6564,./benchmarks/filtering.py,--pvp pl --dataset dataset_10000000rows_10ints_10floats.parquet
69,13.34375,1698185922.8783,./benchmarks/filtering.py,--pvp pl --dataset dataset_10000000rows_10ints_10floats.parquet
70,15.035156,1698185923.2099,./benchmarks/filtering.py,--pvp pl --dataset dataset_10000000rows_10ints_10floats.parquet
71,0.0,1698185923.6024,./benchmarks/filtering.py,--pvp pl --dataset dataset_10000000rows_10ints_10floats.parquet
72,2.539062,1698185923.9176,./benchmarks/filtering.py,--pvp pl --dataset dataset_10000000rows_10ints_10floats.parquet
73,27.398438,1698185924.12,./benchmarks/filtering.py,--pvp pl --dataset dataset_10000000rows_10ints_10floats.parquet
74,11.125,1698185924.2987,./benchmarks/filtering.py,--pvp pl --dataset dataset_10000000rows_10ints_10floats.parquet
75,17.289062,1698185924.4671,./benchmarks/filtering.py,--pvp pl --dataset dataset_10000000rows_10ints_10floats.parquet
76,19.84375,1698185924.6873,./benchmarks/filtering.py,--pvp pl --dataset dataset_10000000rows_10ints_10floats.parquet
77,36.683594,1698185924.798,./benchmarks/filtering.py,--pvp pl --dataset dataset_10000000rows_10ints_10floats.parquet
78,0.0,1698185924.9232,./benchmarks/filtering.py,--pvp pl --dataset dataset_10000000rows_10ints_10floats.parquet
79,24.535156,1698185925.1409,./benchmarks/filtering.py,--pvp pl --dataset dataset_10000000rows_10ints_10floats.parquet
80,14.6875,1698185925.4939,./benchmarks/filtering.py,--pvp pl --dataset dataset_10000000rows_10ints_10floats.parquet
81,11.84375,1698185925.9866,./benchmarks/filtering.py,--pvp pl --dataset dataset_10000000rows_10ints_10floats.parquet
82,34.625,1698185926.2483,./benchmarks/filtering.py,--pvp pl --dataset dataset_10000000rows_10ints_10floats.parquet
83,14.003906,1698185926.4859,./benchmarks/filtering.py,--pvp pl --dataset dataset_10000000rows_10ints_10floats.parquet
84,6.929688,1698185926.8881,./benchmarks/filtering.py,--pvp pl --dataset dataset_10000000rows_10ints_10floats.parquet
85,8.445312,1698185927.398,./benchmarks/filtering.py,--pvp pl --dataset dataset_10000000rows_10ints_10floats.parquet
86,28.722656,1698185927.6868,./benchmarks/filtering.py,--pvp pl --dataset dataset_10000000rows_10ints_10floats.parquet
87,14.066406,1698185927.8306,./benchmarks/filtering.py,--pvp pl --dataset dataset_10000000rows_10ints_10floats.parquet
88,0.0,1698185927.9456,./benchmarks/filtering.py,--pvp pl --dataset dataset_10000000rows_10ints_10floats.parquet
89,8.742188,1698185928.0973,./benchmarks/filtering.py,--pvp pl --dataset dataset_10000000rows_10ints_10floats.parquet
90,0.0,1698185928.2826,./benchmarks/filtering.py,--pvp pl --dataset dataset_10000000rows_10ints_10floats.parquet
91,12.160156,1698185928.4249,./benchmarks/filtering.py,--pvp pl --dataset dataset_10000000rows_10ints_10floats.parquet
92,1.710938,1698185928.8433,./benchmarks/filtering.py,--pvp pl --dataset dataset_10000000rows_10ints_10floats.parquet
93,8.496094,1698185929.099,./benchmarks/filtering.py,--pvp pl --dataset dataset_10000000rows_10ints_10floats.parquet
94,27.191406,1698185929.214,./benchmarks/filtering.py,--pvp pl --dataset dataset_10000000rows_10ints_10floats.parquet
95,83.253906,1698185929.3283,./benchmarks/filtering.py,--pvp pl --dataset dataset_10000000rows_10ints_10floats.parquet
96,84.777344,1698185929.4409,./benchmarks/filtering.py,--pvp pl --dataset dataset_10000000rows_10ints_10floats.parquet
97,137.785156,1698185929.5497,./benchmarks/filtering.py,--pvp pl --dataset dataset_10000000rows_10ints_10floats.parquet
98,285.523438,1698185929.6633,./benchmarks/filtering.py,--pvp pl --dataset dataset_10000000rows_10ints_10floats.parquet
99,335.222656,1698185929.797,./benchmarks/filtering.py,--pvp pl --dataset dataset_10000000rows_10ints_10floats.parquet
100,257.46875,1698185929.8976,./benchmarks/filtering.py,--pvp pl --dataset dataset_10000000rows_10ints_10floats.parquet
101,297.441406,1698185930.0073,./benchmarks/filtering.py,--pvp pl --dataset dataset_10000000rows_10ints_10floats.parquet
102,311.777344,1698185930.1171,./benchmarks/filtering.py,--pvp pl --dataset dataset_10000000rows_10ints_10floats.parquet
103,321.21875,1698185930.2269,./benchmarks/filtering.py,--pvp pl --dataset dataset_10000000rows_10ints_10floats.parquet
104,323.785156,1698185930.3308,./benchmarks/filtering.py,--pvp pl --dataset dataset_10000000rows_10ints_10floats.parquet
105,324.941406,1698185930.4405,./benchmarks/filtering.py,--pvp pl --dataset dataset_10000000rows_10ints_10floats.parquet
106,326.1875,1698185930.5507,./benchmarks/filtering.py,--pvp pl --dataset dataset_10000000rows_10ints_10floats.parquet
107,327.550781,1698185930.6605,./benchmarks/filtering.py,--pvp pl --dataset dataset_10000000rows_10ints_10floats.parquet
108,328.539062,1698185930.7703,./benchmarks/filtering.py,--pvp pl --dataset dataset_10000000rows_10ints_10floats.parquet
109,329.707031,1698185930.8735,./benchmarks/filtering.py,--pvp pl --dataset dataset_10000000rows_10ints_10floats.parquet
110,330.632812,1698185930.9832,./benchmarks/filtering.py,--pvp pl --dataset dataset_10000000rows_10ints_10floats.parquet
111,331.40625,1698185931.093,./benchmarks/filtering.py,--pvp pl --dataset dataset_10000000rows_10ints_10floats.parquet
112,332.503906,1698185931.2028,./benchmarks/filtering.py,--pvp pl --dataset dataset_10000000rows_10ints_10floats.parquet
113,336.550781,1698185931.3126,./benchmarks/filtering.py,--pvp pl --dataset dataset_10000000rows_10ints_10floats.parquet
114,406.707031,1698185931.4137,./benchmarks/filtering.py,--pvp pl --dataset dataset_10000000rows_10ints_10floats.parquet
115,552.1875,1698185931.5234,./benchmarks/filtering.py,--pvp pl --dataset dataset_10000000rows_10ints_10floats.parquet
116,695.179688,1698185931.6335,./benchmarks/filtering.py,--pvp pl --dataset dataset_10000000rows_10ints_10floats.parquet
117,1225.074219,1698185931.751,./benchmarks/filtering.py,--pvp pl --dataset dataset_10000000rows_10ints_10floats.parquet
118,1178.625,1698185931.8537,./benchmarks/filtering.py,--pvp pl --dataset dataset_10000000rows_10ints_10floats.parquet
119,1125.222656,1698185931.9544,./benchmarks/filtering.py,--pvp pl --dataset dataset_10000000rows_10ints_10floats.parquet
120,1046.941406,1698185932.0642,./benchmarks/filtering.py,--pvp pl --dataset dataset_10000000rows_10ints_10floats.parquet
121,1065.699219,1698185932.174,./benchmarks/filtering.py,--pvp pl --dataset dataset_10000000rows_10ints_10floats.parquet
122,1204.78125,1698185932.2833,./benchmarks/filtering.py,--pvp pl --dataset dataset_10000000rows_10ints_10floats.parquet
123,1127.242188,1698185932.4034,./benchmarks/filtering.py,--pvp pl --dataset dataset_10000000rows_10ints_10floats.parquet
124,798.210938,1698185932.5096,./benchmarks/filtering.py,--pvp pl --dataset dataset_10000000rows_10ints_10floats.parquet
125,529.265625,1698185932.6194,./benchmarks/filtering.py,--pvp pl --dataset dataset_10000000rows_10ints_10floats.parquet
126,479.078125,1698185932.7292,./benchmarks/filtering.py,--pvp pl --dataset dataset_10000000rows_10ints_10floats.parquet
127,479.191406,1698185932.8862,./benchmarks/filtering.py,--pvp pl --dataset dataset_10000000rows_10ints_10floats.parquet
128,394.390625,1698185933.0086,./benchmarks/filtering.py,--pvp pl --dataset dataset_10000000rows_10ints_10floats.parquet
129,427.128906,1698185933.1184,./benchmarks/filtering.py,--pvp pl --dataset dataset_10000000rows_10ints_10floats.parquet
130,479.28125,1698185933.2438,./benchmarks/filtering.py,--pvp pl --dataset dataset_10000000rows_10ints_10floats.parquet
131,453.5,1698185933.3535,./benchmarks/filtering.py,--pvp pl --dataset dataset_10000000rows_10ints_10floats.parquet
132,454.148438,1698185933.4632,./benchmarks/filtering.py,--pvp pl --dataset dataset_10000000rows_10ints_10floats.parquet
133,479.148438,1698185933.5658,./benchmarks/filtering.py,--pvp pl --dataset dataset_10000000rows_10ints_10floats.parquet
134,478.484375,1698185933.6756,./benchmarks/filtering.py,--pvp pl --dataset dataset_10000000rows_10ints_10floats.parquet
135,282.804688,1698185933.7854,./benchmarks/filtering.py,--pvp pl --dataset dataset_10000000rows_10ints_10floats.parquet
136,148.546875,1698185933.8952,./benchmarks/filtering.py,--pvp pl --dataset dataset_10000000rows_10ints_10floats.parquet
137,148.765625,1698185934.0147,./benchmarks/filtering.py,--pvp pl --dataset dataset_10000000rows_10ints_10floats.parquet
138,148.855469,1698185934.1272,./benchmarks/filtering.py,--pvp pl --dataset dataset_10000000rows_10ints_10floats.parquet
139,148.957031,1698185934.244,./benchmarks/filtering.py,--pvp pl --dataset dataset_10000000rows_10ints_10floats.parquet
140,156.640625,1698185934.3552,./benchmarks/filtering.py,--pvp pl --dataset dataset_10000000rows_10ints_10floats.parquet
141,168.980469,1698185934.4649,./benchmarks/filtering.py,--pvp pl --dataset dataset_10000000rows_10ints_10floats.parquet
142,188.964844,1698185934.5796,./benchmarks/filtering.py,--pvp pl --dataset dataset_10000000rows_10ints_10floats.parquet
143,207.109375,1698185934.6894,./benchmarks/filtering.py,--pvp pl --dataset dataset_10000000rows_10ints_10floats.parquet
144,210.742188,1698185934.7992,./benchmarks/filtering.py,--pvp pl --dataset dataset_10000000rows_10ints_10floats.parquet
145,213.234375,1698185934.909,./benchmarks/filtering.py,--pvp pl --dataset dataset_10000000rows_10ints_10floats.parquet
146,154.773438,1698185935.0188,./benchmarks/filtering.py,--pvp pl --dataset dataset_10000000rows_10ints_10floats.parquet
147,148.148438,1698185935.137,./benchmarks/filtering.py,--pvp pl --dataset dataset_10000000rows_10ints_10floats.parquet
148,94.339844,1698185935.2565,./benchmarks/filtering.py,--pvp pl --dataset dataset_10000000rows_10ints_10floats.parquet
149,37.085938,1698185935.3723,./benchmarks/filtering.py,--pvp pl --dataset dataset_10000000rows_10ints_10floats.parquet
0,13.109375,1698185937.2089,./benchmarks/filtering.py,--pvp pl --dataset dataset_1000000rows_10ints_10floats.parquet
1,19.640625,1698185937.3239,./benchmarks/filtering.py,--pvp pl --dataset dataset_1000000rows_10ints_10floats.parquet
2,28.683594,1698185937.4347,./benchmarks/filtering.py,--pvp pl --dataset dataset_1000000rows_10ints_10floats.parquet
3,36.132812,1698185937.5448,./benchmarks/filtering.py,--pvp pl --dataset dataset_1000000rows_10ints_10floats.parquet
4,40.917969,1698185937.6604,./benchmarks/filtering.py,--pvp pl --dataset dataset_1000000rows_10ints_10floats.parquet
5,47.308594,1698185937.7757,./benchmarks/filtering.py,--pvp pl --dataset dataset_1000000rows_10ints_10floats.parquet
6,53.285156,1698185937.8913,./benchmarks/filtering.py,--pvp pl --dataset dataset_1000000rows_10ints_10floats.parquet
7,57.460938,1698185938.0061,./benchmarks/filtering.py,--pvp pl --dataset dataset_1000000rows_10ints_10floats.parquet
8,61.015625,1698185938.1214,./benchmarks/filtering.py,--pvp pl --dataset dataset_1000000rows_10ints_10floats.parquet
9,65.488281,1698185938.2285,./benchmarks/filtering.py,--pvp pl --dataset dataset_1000000rows_10ints_10floats.parquet
10,69.238281,1698185938.3335,./benchmarks/filtering.py,--pvp pl --dataset dataset_1000000rows_10ints_10floats.parquet
11,75.261719,1698185938.4503,./benchmarks/filtering.py,--pvp pl --dataset dataset_1000000rows_10ints_10floats.parquet
12,81.238281,1698185938.5681,./benchmarks/filtering.py,--pvp pl --dataset dataset_1000000rows_10ints_10floats.parquet
13,87.953125,1698185938.6906,./benchmarks/filtering.py,--pvp pl --dataset dataset_1000000rows_10ints_10floats.parquet
14,93.0,1698185938.7996,./benchmarks/filtering.py,--pvp pl --dataset dataset_1000000rows_10ints_10floats.parquet
15,230.964844,1698185938.918,./benchmarks/filtering.py,--pvp pl --dataset dataset_1000000rows_10ints_10floats.parquet
16,384.570312,1698185939.0366,./benchmarks/filtering.py,--pvp pl --dataset dataset_1000000rows_10ints_10floats.parquet
17,607.859375,1698185939.1805,./benchmarks/filtering.py,--pvp pl --dataset dataset_1000000rows_10ints_10floats.parquet
18,665.980469,1698185939.2923,./benchmarks/filtering.py,--pvp pl --dataset dataset_1000000rows_10ints_10floats.parquet
19,666.316406,1698185939.4012,./benchmarks/filtering.py,--pvp pl --dataset dataset_1000000rows_10ints_10floats.parquet
20,619.707031,1698185939.5137,./benchmarks/filtering.py,--pvp pl --dataset dataset_1000000rows_10ints_10floats.parquet
21,359.785156,1698185939.6212,./benchmarks/filtering.py,--pvp pl --dataset dataset_1000000rows_10ints_10floats.parquet
